Site,Date,NDVI,SAVI,ET_PT_ICOS (mm/h),ET_PT_ERA5 (mm/h),ET_TTME_ICOS (mm/h)
Gebesee,2022-02-07,0.6141973667889357,0.3323563442496149,0.037333866954945484,0.05633519464947585,0.0
Gebesee,2022-02-23,0.559046720538168,0.1643645631497278,0.07286383854224444,0.09318267702161258,0.2008
Gebesee,2022-03-11,0.5489246075104951,0.3377733610134705,0.05003507574536079,0.10345557639174716,0.0
Gebesee,2022-04-28,0.7960834117090294,0.5432533637114334,0.24854086280777,0.3410412638509152,0.1263
Gebesee,2022-05-06,0.8755828843412502,0.5948117388307127,0.3403385690085269,0.3997694643392464,0.347
Gebesee,2022-05-14,0.8325041649910955,0.5810971208597321,0.4259457241056198,0.4239048720253191,0.2117
Gebesee,2022-05-22,0.8692653117911207,0.6427071897446558,0.49483620595102673,0.3887751936508747,0.3454
Gebesee,2022-06-15,0.8399967342106739,0.6235873334158308,0.5806416531069821,0.3940519180438356,0.4428
Gebesee,2022-07-25,0.2765027322404371,0.19868851177995125,0.1052875855545777,0.11646366902695116,0.4317
Gebesee,2022-08-02,0.2306169381332779,0.18552821930003519,0.2235168176975775,0.2754932800333226,0.0
Gebesee,2022-08-10,0.2293879405635195,0.18362700316869648,0.1066521770740643,0.13954212654837145,0.0
Gebesee,2022-09-03,0.22819342528089637,0.17954012167376318,0.0669136388386989,0.16544501684155627,0.0
Gebesee,2022-10-05,0.3854041755065647,0.22783648195048659,0.22769198724390374,0.1990409200238036,0.0776
Gebesee,2022-11-06,0.5276192229791934,0.2785464325059944,0.17464809527556546,0.10181960032976946,0.1318
Selhausen,2022-01-28,0.24287658906859233,0.11015884975199344,0.16605264389119595,0.04931543682502756,0.2078
Selhausen,2022-02-28,0.1680717661811517,0.08606711232588005,0.25394115831950836,0.12075012405894711,0.4131
Selhausen,2022-03-08,0.1301364414913644,0.09473363202849361,0.14681650856559236,0.12400968173357259,0.3327
Selhausen,2022-03-24,0.14335256094955603,0.10785549987165842,0.08962024958892564,0.20127323209816458,
Selhausen,2022-04-17,0.15177550019844502,0.11772481981818833,0.12363130183212442,0.2111270822398251,0.2071
Selhausen,2022-04-18,0.1483081227594648,0.11868731632224651,0.08902622686758953,0.18106561972134824,0.2159
Selhausen,2022-05-03,0.2213532091510193,0.14780573873046612,0.1976689490476163,0.24868852318365522,0.0409
Selhausen,2022-05-11,0.16732704533673362,0.11452072000065253,0.30093406503491826,0.30731129688687087,0.0022
Selhausen,2022-05-12,0.1968137799971697,0.1468133878929854,0.2335381236855113,0.19926643201795538,0.1027
Selhausen,2022-05-19,0.22360734301047577,0.16853488163825778,0.20413033350364196,0.273760038793649,
Selhausen,2022-06-04,0.34696514019367714,0.2559374666470149,0.40339390048637863,0.3514753014464172,0.3624
Selhausen,2022-06-12,0.6524381805988737,0.47404649819792405,0.47441835088799006,0.3976829891657439,0.4338
Selhausen,2022-06-28,0.8112562175133528,0.6420159154952866,0.720595749773247,0.5702069145810146,0.4266
Selhausen,2022-07-23,0.8545625028778575,0.6977178947944033,0.8582160471177815,0.6435987395577625,0.3938
Selhausen,2022-07-30,0.8520939239893489,0.6854980803828108,0.80671103149922,0.5934226896816058,0.1889
Selhausen,2022-08-07,0.870171249935588,0.7021941618384941,0.79055779689826,0.5872728753284407,0.3161
Selhausen,2022-08-16,0.7887951928660906,0.6037033771920159,0.6103441348971227,0.4404455716456408,0.6136
Selhausen,2022-09-01,0.8178514860709959,0.6350745188829402,0.6127697453165963,0.4512380927458975,0.3518
Selhausen,2023-02-07,0.7945177290370192,0.4926377200984375,0.16882759350458593,0.05927646409623741,0.352
Selhausen,2023-02-08,0.7876527893304761,0.4902767783491585,0.13890807006619796,0.04852892577677547,0.3951
Selhausen,2023-04-04,0.8632835478270849,0.5318534581818395,0.20717866683059966,0.17131979765584684,0.3371
Selhausen,2023-04-05,0.860951602420214,0.5518693288054449,0.2358107605571994,0.2176323980490269,0.3769
Selhausen,2023-04-28,0.40627547330111025,0.28369971298924107,0.22747631912391292,0.130795415882063,0.3068
Selhausen,2023-05-14,0.890050021093232,0.6053862760637279,0.6330659809241135,0.444747356369091,0.7212
Selhausen,2023-05-30,0.8211731791086845,0.6026400600640478,0.6527162765378258,0.5025163396515506,0.92
Selhausen,2023-05-31,0.8846745687218238,0.6691096089061419,0.810369453836005,0.5887438560850452,0.6105
Selhausen,2023-06-15,0.8417093675511341,0.6469539205671615,0.7967610270579838,0.4860603241741434,0.4659
Selhausen,2023-06-16,0.8417093675511341,0.6469539205671615,0.7879344198875063,0.512006699311892,0.5223
Selhausen,2023-06-23,0.8012002349396052,0.5945161005065753,0.7483625276928415,0.43705362095010436,0.5925
Selhausen,2023-07-09,0.3716846603811786,0.26619925852190346,0.16643824312842287,0.20973946667925977,0.85
Selhausen,2023-09-11,0.2011868113499282,0.1261111014092869,0.19631853141323086,0.2870097232756849,0.1425
Selhausen,2023-10-06,0.4313027033328583,0.28185789019249324,0.27157443605180903,0.17305906105215607,0.3215
Selhausen,2023-10-13,0.5985079155810863,0.4387153514580383,0.2831451168104318,0.18686945576647152,0.4796
Selhausen,2023-12-17,0.7591320870751301,0.6366996865535437,0.15704670746760915,0.03441452671016582,
Lonzee,2022-02-11,0.3579211442692926,0.2149474567886428,0.11964037882837203,0.10914963721769604,0.1625
Lonzee,2022-02-12,0.3876742467910986,0.22163516135320707,0.13888696945864176,0.08055550117520341,0.3312
Lonzee,2022-03-08,0.45105820105820105,0.28794058177473464,0.08489967242787112,0.1045801736781463,0.3892
Lonzee,2022-03-23,0.5173562550088786,0.3789954746732633,0.15407146798927357,0.16919073494124212,0.26
Lonzee,2022-03-24,0.5369841602263846,0.39843673014581593,0.14846901505419358,0.1311982719657031,0.2974
Lonzee,2022-04-09,0.7431331489740353,0.53963350933896,0.2422515830776386,0.3064059037532039,0.0713
Lonzee,2022-04-17,0.8159062787344906,0.5731853198717642,0.43592578753363814,0.2211269857391177,0.3596
Lonzee,2022-04-24,0.8418902435776567,0.611457847079122,0.48646137473363554,0.3001951428395111,0.2677
Lonzee,2022-05-03,0.8664526090824496,0.6425884636968952,0.5580552227576465,0.2276213665373879,0.2602
Lonzee,2022-05-18,0.8929915183980615,0.6493358614222562,0.6441538023291681,0.12820938456473177,0.3307
Lonzee,2022-06-11,0.9083607554467337,0.6680102354197517,0.6879265713890457,0.1863353052572961,0.4073
Lonzee,2022-07-13,0.4509670315562862,0.34034859773381654,0.21235375022497763,0.14715937112129807,0.2576
Lonzee,2022-07-29,0.26265992635586344,0.2150438860438974,0.19654417917659428,0.2416105090888241,0.0
Lonzee,2022-08-06,0.24449473337722183,0.20118499458288186,0.21315772261700608,0.20726120516140858,0.0
Lonzee,2022-08-14,0.23550827647207487,0.19738200720135562,0.052287454499151904,0.041942371865265414,0.2648
Lonzee,2022-10-01,0.20910381963963443,0.12650807288869803,0.27920258514096696,0.24813525622629398,0.2102
Lonzee,2022-11-02,0.5169104791907547,0.3662352155892262,0.16592638462277873,0.14272784773315175,0.2224
Lonzee,2022-11-10,0.66307395468403,0.4592276699564798,0.15908387432414356,0.13748392181533667,0.28
Lonzee,2022-12-12,0.1751153934141649,0.07115828384570802,0.1320368064938064,0.05125856575745226,0.1836
Lonzee,2023-02-07,0.20535541186264777,0.093888496873338,0.22595765265065085,0.08062646661507404,0.2159
Lonzee,2023-02-14,0.19738988580750425,0.0893455013912504,0.19724681476269595,0.18059017954898163,0.2042
Lonzee,2023-04-03,0.16815831897270545,0.09745399987113515,0.30949814734859765,0.19867565690682398,0.3224
Lonzee,2023-04-04,0.16210932824805102,0.09367594035576288,0.24279434329221672,0.17424220101154891,0.3111
Lonzee,2023-06-06,0.31795051401965424,0.23492728767290103,0.3732328844372488,0.40332821400841845,0.0
Lonzee,2023-06-07,0.3530784334183844,0.27180458264979784,0.3345858187758846,0.37328220777859644,0.0
Lonzee,2023-06-14,0.5760736130829749,0.4179544504050517,0.36726286514217044,0.3278079699058625,0.2618
Lonzee,2023-07-08,0.8343685506625058,0.6267167912292001,0.7009824681847626,0.7045579378390479,0.6515
Lonzee,2023-09-10,0.2235438047984775,0.15721964329342777,0.21675968327132425,0.33207301932486694,0.1942
Voulundgaard,2022-02-28,0.3959680571843413,0.18367209491080524,0.1565309521131861,0.10620218204001765,0.3083
Voulundgaard,2022-03-08,0.3141127090070874,0.08432916391282395,0.1982400553480899,0.14540367851313946,0.1409
Voulundgaard,2022-03-24,0.33536899246572155,0.15062211884711857,0.12118060122521777,0.14204282881649088,0.048
Voulundgaard,2022-04-02,0.347012814411049,0.1861661297730273,0.045094234529335794,0.08196864055183105,
Voulundgaard,2022-04-17,0.40396010060104864,0.19350590125103798,0.10105335971043712,0.1694797049280376,0.0
Voulundgaard,2022-04-18,0.3765719335981174,0.18048708291229038,0.09515394649199359,0.1188744558601908,0.0
Voulundgaard,2022-05-12,0.37193783023399446,0.20545258130543556,0.2816203663719488,0.18162609562216803,0.0
Voulundgaard,2022-05-20,0.3941444860130182,0.21222800219232876,0.24881783914022224,0.2746001777312404,0.0
Voulundgaard,2022-06-04,0.5291787678036991,0.35037551355563445,0.22905224068847546,0.36174296025218056,0.0
Voulundgaard,2022-06-05,0.5291787678036991,0.35037551355563445,0.2771622424613707,0.3322820977877551,0.0706
Voulundgaard,2022-06-20,0.8843150516478112,0.6551264272410722,0.6720900368094195,0.4223048205324613,0.2763
Voulundgaard,2022-08-31,0.5258409914846981,0.08363504706734257,0.13509665128382517,0.1321405277727416,0.32
Voulundgaard,2022-09-17,0.6275593899993922,0.1330382366326346,0.13861546867167807,0.09325011971242315,0.2352
Voulundgaard,2022-10-02,0.6409841669515336,0.3604390211884139,0.1191038018609198,0.14351255106502672,0.0051
Voulundgaard,2022-10-03,0.6409841669515336,0.3604390211884139,0.18407930532067998,0.14126555481577438,0.1467
Voulundgaard,2022-10-10,0.6818031156778255,0.3533843812889609,0.1313621570686836,0.13329231637400138,0.2954
Voulundgaard,2022-10-11,0.7524393603294044,0.4607067401300801,0.20492018132967213,0.11172920391995883,0.1584
Voulundgaard,2022-10-19,0.7831602891000475,0.4760827869218074,0.18380512453039327,0.13324390548204365,0.119
Voulundgaard,2023-03-03,0.25705643695377156,0.09865608501043661,0.15219628174864305,0.14361332950652025,0.0401
Voulundgaard,2023-04-20,0.3416643427270739,0.20439194774511008,0.11976419082781728,0.1835282178527461,0.0
Voulundgaard,2023-04-21,0.33567920459990425,0.20162005947812744,0.05986993788025011,0.11617434874263312,0.0
Voulundgaard,2023-05-30,0.8910741852194225,0.6995214478585505,0.6196993532486588,0.5490981429663998,0.056
Voulundgaard,2023-05-31,0.8959098444943442,0.730584933429168,0.6342603357101126,0.571473591481956,0.1063
Voulundgaard,2023-06-07,0.92178666700595,0.7481189377476817,0.7412653251303234,0.6692556370978328,0.1545
Voulundgaard,2023-06-08,0.9112350092923636,0.745530498974958,0.7192345578199858,0.653317441604288,0.1485
Voulundgaard,2023-07-09,0.7933023278644266,0.5342992214489973,0.4449236387151123,0.3983920977499627,0.6352
Voulundgaard,2023-09-04,0.35385327470492933,0.20873403513029756,0.3206580269935711,0.3143692221143264,0.1468
Voulundgaard,2023-10-14,0.6859787610348443,0.4064998230538189,0.09771587459060364,0.0880330704518518,0.0
Klingenberg,2022-03-12,0.31459499354203824,0.15471141372658406,0.02249251957574332,0.05297596563943123,0.3222
Klingenberg,2022-03-20,0.31772650746324804,0.16541960884170526,0.07225273378004884,0.08603267495792138,0.2687
Klingenberg,2022-04-22,0.25373783686548806,0.1423709239768278,0.3428879863272309,0.3019730183856523,0.1251
Klingenberg,2022-05-07,0.3778806313484751,0.23758589243914208,0.177281075521615,0.21500546951788288,0.0
Klingenberg,2022-06-17,0.5625874731748931,0.3617267444850105,0.4654335063306627,0.4664931659911353,0.3751
Klingenberg,2022-07-02,0.628341534778561,0.2930144575988533,0.2610478070181784,0.312752473415659,
Klingenberg,2022-07-19,0.4416707914391885,0.267405870092229,0.18984151380135547,0.23406350780661622,0.2774
Klingenberg,2022-08-03,0.41672145158109275,0.23645582054661668,0.182734652073495,0.27453559423597856,0.1601
Klingenberg,2022-10-15,0.4213669300513418,0.22408117423802332,0.060605663290019124,0.1128297510162462,
Klingenberg,2022-11-15,0.6025054563936975,0.36224190204560974,0.12325734305124231,0.11902167021747792,0.2522
Klingenberg,2022-12-25,0.5710527936376674,0.31041161224092917,0.07451794583016041,0.06155092640734004,0.158
Klingenberg,2023-05-19,0.7232029616426147,0.5063006948629206,0.5587569553450509,0.29947642608256997,0.6163
Klingenberg,2023-05-27,0.7409436912777698,0.4848317425596329,0.5238687170641715,0.48317615586629775,0.1317
Klingenberg,2023-06-03,0.7595842609158824,0.4816099850478296,0.467015621231175,0.44332533743739555,0.0227
Klingenberg,2023-06-11,0.7787829818798345,0.5025328212608834,0.5544034229462078,0.43046140207489936,0.3051
Klingenberg,2023-08-14,0.3717587275068742,0.2331044215856019,0.31163264762592674,0.3489271175655642,0.305
Klingenberg,2023-08-15,0.3313728842537185,0.183437440848003,0.19201079423938264,0.30513977102777295,0.1097
Klingenberg,2023-09-07,0.2609821485758206,0.13833089226650636,0.1386809303618828,0.2786934562912488,0.21
Klingenberg,2023-09-15,0.3676083083074709,0.20628679082314424,0.3219047857178372,0.2458951016433185,0.0945
Klingenberg,2023-09-16,0.3820542129327237,0.217660009923096,0.24427761405646847,0.29974944545180365,0.0626
Klingenberg,2023-10-01,0.7231762861196147,0.48331374266736155,0.3309321912433131,0.2934440488244764,0.0
Estrees-Mons,2022-01-09,0.20531111251394046,0.09920825905113094,0.07875833019925738,0.07335827468824406,
Estrees-Mons,2022-01-25,0.21523719389565835,0.09591607211893298,0.11768697283378152,0.10342216406281302,
Estrees-Mons,2022-02-11,0.22247583510311023,0.11180452577751476,0.14495428889543877,0.14664425513350576,0.1308
Estrees-Mons,2022-02-26,0.20192577170997317,0.1009009429558398,0.22340629590363645,0.1588671946496795,0.1721
Estrees-Mons,2022-03-06,0.17522969328518537,0.12266676621797472,0.15986822630761935,0.1480178730593727,0.1524
Estrees-Mons,2022-03-22,0.20595268379547196,0.13597581457843472,0.19658961112647758,0.25007326383573525,0.0141
Estrees-Mons,2022-03-23,0.18170007423904963,0.12182004203074874,0.14810739895872738,0.23142324373571008,0.0339
Estrees-Mons,2022-04-15,0.3321301835141438,0.2118308928135194,0.36729540939257654,0.2921302900133439,0.6536
Estrees-Mons,2022-04-24,0.4132860874171218,0.27953970794543265,0.27857425391548907,0.29660482306477953,0.2008
Estrees-Mons,2022-05-09,0.67966941244082,0.4867156164669917,0.36033088843442584,0.4834127429604379,0.0
Estrees-Mons,2022-05-17,0.7580206516203829,0.5457296937486024,0.26615371140606975,0.5170380923178619,0.0
Estrees-Mons,2022-05-18,0.745809639754871,0.5518074456575444,0.4149498774472259,0.5588065420212643,0.156
Estrees-Mons,2022-06-02,0.794414990912311,0.5513284131849946,0.47091696886133205,0.5450863460972448,0.0
Estrees-Mons,2022-06-11,0.8263949896562475,0.580996719221114,0.4384515663293503,0.4803607589416439,0.0
Estrees-Mons,2022-06-18,0.6298402083175562,0.43636136156336014,0.12678643543773255,0.3866391595075308,0.3729
Estrees-Mons,2022-07-04,0.4489837410896366,0.30170902898338725,0.38811355292016814,0.3437668959868509,0.24
Estrees-Mons,2022-07-05,0.4489837410896366,0.30170902898338725,0.42221262932714454,0.304693190743045,0.1338
Estrees-Mons,2022-07-12,0.3423589503785904,0.27038806450696495,0.16267040050695317,0.27709321174321083,0.4619
Estrees-Mons,2022-07-13,0.30411740939548004,0.22258763227089895,0.08582128407388263,0.266430227040759,0.1123
Estrees-Mons,2022-07-29,0.24222047930283222,0.21408061617458274,0.1539189801293582,0.28005915679221466,0.0
Estrees-Mons,2022-08-05,0.24111596122802062,0.20980007642531104,0.34406706512093743,0.2791386549454349,0.0678
Estrees-Mons,2022-08-06,0.17833760719888048,0.1379388843413527,0.16544878611526884,0.16445513552618024,0.0
Estrees-Mons,2022-08-29,0.17722568591640955,0.1297023669305694,0.16320775666570095,0.19687986358659526,0.0
Estrees-Mons,2022-08-30,0.17027414096066132,0.12671010264395088,0.2503809023680029,0.1933788628841734,0.0
Estrees-Mons,2022-09-30,0.2544085546807936,0.1714111024203232,0.24908612688950663,0.24343067752590142,0.1773
Estrees-Mons,2022-10-08,0.32409164452789485,0.20849455579701245,0.2104359772766966,0.18973150621529428,0.1902
Estrees-Mons,2022-10-24,0.6337775212071647,0.45947122451773914,0.18459189670938606,0.20496962770537855,0.0
Estrees-Mons,2022-11-01,0.7270102681465801,0.5172553822862265,0.2309476316506593,0.2094440272625113,0.0342
Estrees-Mons,2022-11-02,0.7349311475787812,0.5120700318886602,0.2131662817962994,0.17603900887373464,0.1567
Estrees-Mons,2022-11-10,0.7411283098373044,0.5555973798274728,0.22067310526349837,0.18852513018000852,0.1883
Estrees-Mons,2022-11-25,0.7264800518333865,0.5193681599070454,0.14308519656983218,0.1059864848702977,0.0371
Estrees-Mons,2022-11-26,0.672532317606084,0.5395713318898655,0.14371918281601104,0.09857482281343563,0.0
Estrees-Mons,2023-02-14,0.7208241291930251,0.4906210482904034,0.21346050750956613,0.1784309831991597,0.0319
Estrees-Mons,2023-03-01,0.6829765247800477,0.4726195638414489,0.16757344197079385,0.12203174571181571,0.0
Estrees-Mons,2023-03-18,0.6827443219300725,0.4538401570308911,0.30169316822115194,0.22789078263968723,0.0457
Estrees-Mons,2023-04-03,0.7131926909715103,0.492605741138894,0.3065411001424666,0.23516975366065274,0.0362
Estrees-Mons,2023-04-18,0.6856312422707271,0.4559695739179565,0.39608065029599854,0.26878917366367305,0.096
Estrees-Mons,2023-05-04,0.6880119136262101,0.5675905550080329,0.46201917379168445,0.5248323724562771,0.2564
Estrees-Mons,2023-05-13,0.7914872500840391,0.5743289461117723,0.5907107135874774,0.5190210902033773,0.329
Estrees-Mons,2023-05-20,0.8071984040710523,0.5517274226646998,0.5331150965179047,0.4805268827476368,0.2487
Estrees-Mons,2023-05-28,0.5842112944814128,0.42107908455478416,0.39390266734234597,0.40835309283505966,0.0
Estrees-Mons,2023-05-29,0.5585630976907996,0.4194024856477192,0.4683306655305991,0.4575645898892895,0.0
Estrees-Mons,2023-06-05,0.6312118126272913,0.46910948536831487,0.4892219441789528,0.4728653829446966,0.0
Estrees-Mons,2023-06-06,0.6352695979561651,0.4860644333179827,0.5557498045391116,0.3930245105657461,0.0
Estrees-Mons,2023-06-13,0.791934887162412,0.5979700788379166,0.5599737944458345,0.4933761527003427,0.1801
Estrees-Mons,2023-06-14,0.7912972296387251,0.6081130506660295,0.5705011837567302,0.5105947512085846,0.1507
Estrees-Mons,2023-07-15,0.4046794678916967,0.32854894980583393,0.3367960259338626,0.2173237668059827,0.0278
Estrees-Mons,2023-08-09,0.8190263456360439,0.6584595110044871,0.7402639702062715,0.45631343782541467,0.1428
Estrees-Mons,2023-08-25,-0.008445511215634586,-0.010423431700806,0.17549513064692648,0.23234979073979764,
Estrees-Mons,2023-09-02,0.2884967980230117,0.1561414386111812,0.4327859196547456,0.36254092098130586,0.3131
Estrees-Mons,2023-09-09,0.25981386286631586,0.1751245137150928,0.2086687414169706,0.32629736181055236,0.1379
Estrees-Mons,2023-09-10,0.2655952749635004,0.1891661239837825,0.21200137696101934,0.2502014053991074,0.1686
Estrees-Mons,2023-09-18,0.3403552397868562,0.2337462727026295,0.40756607187729027,0.3006173510306058,0.0575
Estrees-Mons,2023-09-25,0.4804006161358567,0.31629023253726235,0.272151564661868,0.2867358332242787,0.1625
Estrees-Mons,2023-09-26,0.4804006161358567,0.31629023253726235,0.25031478697507176,0.26422083093345605,0.1062
Estrees-Mons,2023-10-03,0.2765791942162942,0.07440636168545277,0.24523923316402987,0.10548522450876117,0.2669
Estrees-Mons,2023-12-31,0.6265862521641522,0.3238114590229483,0.07381657352444126,0.05071271435600682,0.1648
Borgo Cioffi,2023-05-22,0.3200078571089903,0.20385488311083114,0.3847096280215523,0.4146885142541472,0.3898
Borgo Cioffi,2023-05-30,0.19568733153638815,0.1155525238744884,0.45543328648888637,0.4304118868138275,0.0
Borgo Cioffi,2023-06-23,0.3105631147186281,0.20830188992179918,0.5406994296789778,0.4135650730631972,0.0434
Borgo Cioffi,2023-07-09,0.835336960574019,0.6022304398295423,0.7376647135375257,0.2345440822709663,0.5061
Borgo Cioffi,2023-07-17,0.8310715237490007,0.6156118079387737,0.6893378796107634,0.17514397395959241,0.2478
Borgo Cioffi,2023-07-25,0.7005711324401067,0.5053057007730126,0.5176902963166178,0.22249968658594238,0.7365
Borgo Cioffi,2023-08-10,0.8903318463935367,0.6627859533709947,0.6808505627076064,0.4355655036312091,0.2913
Borgo Cioffi,2023-08-18,0.871202980461887,0.6348633806727616,0.7132976307138063,0.31623671566036166,0.2646
Borgo Cioffi,2023-08-26,0.8603409459957836,0.6142685716232044,0.6828538678985554,0.3093433094283034,0.5065
Borgo Cioffi,2023-09-03,0.8552709845175983,0.6014572814940919,0.48796113065970986,0.2735107053470372,0.3854
Borgo Cioffi,2023-09-11,0.26399481346142517,0.18175129169259074,0.29570336171154127,0.1391521256305541,0.0
Borgo Cioffi,2023-09-27,0.21909103356072276,0.12587648806310417,0.25518724995789155,0.28090513765754443,0.2757
Borgo Cioffi,2023-10-05,0.22893843458538388,0.139943595379798,0.3949056738679737,0.34800940068731495,0.0
Borgo Cioffi,2023-10-29,0.28420247617866534,0.13900027631570086,0.2969068116371397,0.3088448558981689,0.1331
Borgo Cioffi,2023-11-06,0.6058598629670289,0.10603223256204262,0.0441705585751495,0.075602942685752,0.1711
Borgo Cioffi,2023-11-22,0.8898820232166189,0.6856342466952638,0.25048010509914787,0.15869822745174414,0.1032
Borgo Cioffi,2023-12-08,0.8798783151701224,0.7325755233071634,0.15597567018283287,0.19880017364582395,0.2646
Borgo Cioffi,2023-12-16,0.8880439447257745,0.7897766016996589,0.23167020539030617,0.1772722389114693,0.3462
Grignon,2022-01-01,0.683552330292035,0.37131156952045624,0.08005670418624489,0.08623456215400753,0.2126
Grignon,2022-01-24,0.7229318001859056,0.39847812061178794,0.1632090051580161,0.09374369893565304,
Grignon,2022-02-09,0.767896053587281,0.44063165694174306,0.21642663051164845,0.1300257586964516,0.2417
Grignon,2022-02-18,0.008381300119948365,0.009128655707532404,0.047759447191433914,0.04060895672323559,
Grignon,2022-02-25,0.7937955790666921,0.474109681787407,0.13671497902261584,0.13331319868463246,0.3497
Grignon,2022-02-26,0.8148148148148149,0.47420989497906924,0.11293927124752594,0.13626787135893403,0.2939
Grignon,2022-03-06,0.7815017543859649,0.48772554744525554,0.15908953586123595,0.13019876794912086,0.1724
Grignon,2022-03-21,0.7974738767899237,0.49690747263347135,0.2896788770550965,0.2838295768844725,0.5265
Grignon,2022-03-22,0.7846086258142904,0.4959847141423112,0.2507748019460208,0.24445274917117735,0.6034
Grignon,2022-04-14,0.9200462553567785,0.5846632661882942,0.5443808439106623,0.3011367867777641,0.6698
Grignon,2022-04-15,0.8709851115957244,0.5568605625236679,0.5079995445416383,0.41472951101808636,0.8207
Grignon,2022-04-22,0.8960771687941115,0.5940637154511924,0.5367490763779039,0.4290674624674215,0.4792
Grignon,2022-04-30,0.9245775618246428,0.6279127037114056,0.49475080908414026,0.33198715591027195,0.2923
Grignon,2022-05-09,0.8957087363156876,0.6280760239212283,0.665779951772905,0.5820051186974848,0.5649
Grignon,2022-05-16,0.92444609634723,0.6822684371475886,0.7321747962974132,0.5619095188074221,0.4648
Grignon,2022-05-17,0.9077034317815229,0.644550936043603,0.7042939960340661,0.6139182856267557,0.3098
Grignon,2022-05-25,0.8466477886619318,0.6274181674673468,0.5597032323137217,0.5378776988348815,
Grignon,2022-06-18,0.502605758571029,0.3702733096882203,0.23927239284014676,0.3414499901492955,0.6794
Grignon,2022-07-04,0.2598238159658048,0.1716706439240283,0.2977384628535449,0.316336286992092,0.3389
Grignon,2022-07-11,0.24374831318461446,0.18937725053145085,0.25083242893657676,0.3167339450065019,0.0
Grignon,2022-07-12,0.23835754500590822,0.19131457581730957,0.16063380263762178,0.20728729707881163,0.0577
Grignon,2022-08-12,0.2116064630741899,0.14916316605488775,0.046640007348197836,0.09172677083803184,0.0
Grignon,2022-08-29,0.21288134473398787,0.1519743099937898,0.17991078023322887,0.2262047737551158,0.0
Grignon,2022-09-30,0.2215964583998904,0.11763822260987543,0.3470856686939732,0.23974609742651182,0.2263
Grignon,2022-10-07,0.21092090747397732,0.1265045056399269,0.2043455044649182,0.22110210073939862,0.1544
Grignon,2022-10-31,0.4067839394178434,0.23671695688098668,0.2279240851746834,0.2362323752979961,0.1478
Grignon,2022-11-01,0.48392573151337165,0.24595114597693168,0.2020510641954826,0.15089559926357626,0.2461
Grignon,2022-11-24,0.752480179320078,0.4735274825422441,0.11564380911933672,0.11527396029149654,0.2746
Grignon,2022-11-25,0.7564958093887063,0.4636273309558028,0.1149399398171537,0.10783286616827475,0.0927
Grignon,2022-12-27,0.8256446547834934,0.5470938947086359,0.09962289053004089,0.0715904001069719,0.2028
Grignon,2023-01-11,0.8174313120202488,0.5617451191824393,0.11628204486617681,0.08143896458824813,0.244
Grignon,2023-02-13,0.809982457133156,0.5699291231982161,0.23116384300662224,0.15826971398334966,0.0125
Grignon,2023-04-09,0.9335818577197887,0.7418851244915713,0.46501887628728783,0.5620022827801661,0.4493
Grignon,2023-04-18,0.9098225245263167,0.7097234021108407,0.4611485450076108,0.40708796097916605,
Grignon,2023-05-03,0.9350292452877071,0.7034199920743516,0.6358734331954704,0.6053390369022822,0.4274
Grignon,2023-05-19,0.9167890450670378,0.7039235402653442,0.6541747519471428,0.6279491900304609,0.5956
Grignon,2023-05-20,0.9327239595579592,0.7067159230373333,0.6608553003299302,0.6147723124623083,0.2442
Grignon,2023-05-27,0.9085963321536168,0.6900827874234204,0.7069325774386815,0.6375029192589675,0.2832
Grignon,2023-05-28,0.8911573817164088,0.6802423662013333,0.6537701815088892,0.6143364927131814,0.4044
Grignon,2023-06-04,0.7810869688595513,0.6254908998529338,0.5741040697611867,0.5593737734558226,0.3478
Grignon,2023-06-05,0.7535046293033033,0.6178790564416872,0.5664477422052292,0.5656994956340625,0.2772
Grignon,2023-06-21,0.382628903774218,0.31388805190744923,0.2624681312270149,0.3760587882836203,0.2149
Grignon,2023-06-28,0.3381198981830949,0.27010236993409065,0.1889652384997527,0.20964385454531864,0.1712
Grignon,2023-07-15,0.2463588946206272,0.22570629000461223,0.22590865290121878,0.2543500678203514,
Grignon,2023-09-24,0.7545940204317536,0.5031412740074157,0.2912125551317399,0.2961197468452578,0.4071
Grignon,2023-10-10,0.6920527727321903,0.48535225666296605,0.21957064380375876,0.2414786340533569,0.4883
Grignon,2023-10-27,0.7100921555405711,0.19382387827723016,0.16707083585991223,0.0897297888196336,0.4177
Grignon,2023-12-06,0.4760054540049004,0.23407205009023904,0.13381410822563825,0.0993923727354933,0.1138
Lamasquere,2022-02-10,0.5946927080989455,0.35680384968469303,0.048292349836507105,0.20497507274330093,0.0987
Lamasquere,2022-04-07,0.7830054755627662,0.5440436410483515,,0.46560229730110636,0.0
Lamasquere,2022-05-01,0.8319570061607027,0.5831977244338385,,0.5318146203447823,0.0
Lamasquere,2022-05-10,0.7749087505330963,0.5514756312590494,,0.5563313241054393,0.3555
Lamasquere,2022-05-18,0.7176927405740012,0.5064892772041304,,0.4452147352214675,0.3653
Lamasquere,2022-06-03,0.4668138419611732,0.31159030173191293,0.42280375693013006,0.2610602187208153,0.0
Lamasquere,2022-06-11,0.317750227725371,0.18736003301551854,0.2213783332092412,0.17742733744368877,0.0543
Lamasquere,2022-06-18,0.3046083109826186,0.19091385408025144,0.13271135226457406,0.1255677920092563,0.0
Lamasquere,2022-07-13,0.24003018053355596,0.18008067398264066,0.12299420553788576,0.12772720362925868,0.0
Lamasquere,2022-07-29,0.34469499507661333,0.2734067793016194,0.43447072005463566,0.3840637868904767,0.0
Lamasquere,2022-08-29,0.25306864756814645,0.18423395719516933,0.14467699663547862,0.14657390500101705,0.0596
Lamasquere,2022-09-30,0.21933847021236627,0.11426473467789318,0.41663009352164737,0.2934699692975392,0.0896
Lamasquere,2022-10-16,0.1636726980472228,0.10028511346865372,0.2755589812372225,0.27697304383391974,0.0
Lamasquere,2022-10-25,0.16769985109683685,0.11199643834932467,0.2198341106102321,0.2000153446103394,0.0
Lamasquere,2022-12-19,0.4589978461822113,0.25727398276979735,0.08535307146940395,0.13629133341907362,0.222
Lamasquere,2022-12-28,0.5898213085439626,0.3900565275005452,0.04097678581497137,0.15705659596061863,
Lamasquere,2023-02-13,0.7803882298567246,0.5573074384148706,0.09332202592602727,0.29333503114155,0.0
Lamasquere,2023-02-14,0.7774973161215993,0.5696320548400711,0.15894170396477897,0.2748574661093401,0.0
Lamasquere,2023-03-01,0.7989355783462624,0.5846652975730169,0.07534176048428869,0.1993340966011626,0.0
Lamasquere,2023-04-18,0.26484794221012176,0.1790991292791222,0.23999076181433396,0.2793441097446108,0.0
Lamasquere,2023-04-19,0.26484794221012176,0.1790991292791222,0.2583860068075216,0.3394008444984971,0.0
Lamasquere,2023-05-04,0.40766862356154865,0.2617999182219274,0.25496561447180693,0.4168861006263017,0.0
Lamasquere,2023-05-28,0.49639233648542147,0.3337039775737241,0.2640554704381942,0.28633965285830026,0.0
Lamasquere,2023-05-29,0.46113842555269174,0.32391303191913623,0.3230244481985905,0.40919767619661773,0.0
Lamasquere,2023-06-05,0.4904942076362127,0.339116336613648,0.32085421035368344,0.38384209657601437,0.0
Lamasquere,2023-07-07,0.7070606178414426,0.48291915739593405,0.65313224252242,0.25512002958789143,0.0
Lamasquere,2023-07-08,0.7350522946586867,0.5034910319870899,0.6735021044298237,0.24423810770519566,0.0
Lamasquere,2023-07-16,0.7234646649294076,0.5140061108961859,0.590402180126643,0.32989373374214376,0.0
Lamasquere,2023-07-23,0.737951077742795,0.500657246138679,0.5522479150096923,0.20236783791657534,0.0
Lamasquere,2023-07-31,0.7274623073419785,0.49633663690184154,0.5044377905414626,0.26511280677062654,0.0
Lamasquere,2023-08-08,0.6999290682911418,0.47893775134800026,0.44225258086326324,0.174126703058254,0.0
Lamasquere,2023-08-09,0.7026402994258745,0.4950363128713815,0.5035833549122464,0.09832371758041468,0.0
Lamasquere,2023-09-01,0.21415119409365574,0.14903431233282052,0.19231830980736175,0.2034895018272001,0.0
Lamasquere,2023-09-09,0.21536663911767223,0.15096085977972806,0.14069726095329266,0.09267042856606,0.0
Lamasquere,2023-09-10,0.21165507590535154,0.15410800296406074,0.1790313318075913,0.1705626014895757,0.0
Lamasquere,2023-09-18,0.26209015346668324,0.15984339812421933,0.33026513637997906,0.21762483041168498,0.0839
Lamasquere,2023-09-25,0.2519821087686541,0.1579232332170906,0.16807891889696755,0.18445029238859792,0.0
Lamasquere,2023-09-26,0.23728974627007504,0.15700233341251096,0.25045974993958997,0.19689000409100643,0.0
Lamasquere,2023-10-04,0.24245609802333393,0.1692427575845873,0.18363135287468793,0.1823584355363664,0.0
Lamasquere,2023-10-11,0.23476522117634258,0.1491994974526845,0.14122934964450592,0.1349651760008093,0.0
Lamasquere,2023-10-12,0.2110891990291262,0.13984612292299445,0.23537153586965942,0.10183748353084154,0.0
Lamasquere,2023-11-13,0.22520428415613214,0.12116246705188968,,0.17808035085858065,0.133
Lamasquere,2023-12-30,0.434529549524728,0.2394541727820234,0.1101727180007711,0.117047087653655,0.0628
