TIMESTAMP,LW_IN_Consolide,LW_OUT_Consolide,LST_Calculee
2020-11-11 10:30:00,316.67,363.06,9.912018
2020-11-12 10:30:00,281.67,385.59,14.411804
2020-11-13 10:30:00,327.34,381.0,13.364838
2020-11-14 10:30:00,296.9,392.23,15.603088
2020-11-15 10:30:00,301.57,390.7,15.299255
2020-11-16 10:30:00,287.61,374.86,12.336792
2020-11-17 10:30:00,278.56,371.46,11.712311
2020-11-18 10:30:00,286.02,379.98,13.327789
2020-11-19 10:30:00,355.88,359.59,9.064301
2020-11-20 10:30:00,253.19,356.75,8.906769
2020-11-21 10:30:00,229.79,345.91,6.803772
2020-11-22 10:30:00,237.3,345.06,6.5984497
2020-11-23 10:30:00,250.52,350.48,7.652008
2020-11-24 10:30:00,269.45,362.01,9.891052
2020-11-25 10:30:00,269.01,362.02,9.894806
2020-11-26 10:30:00,277.04,371.24,11.675415
2020-11-27 10:30:00,328.02,373.87,11.988464
2020-11-28 10:30:00,322.7,359.91,9.260956
2020-11-29 10:30:00,278.08,373.29,12.069702
2020-11-30 10:30:00,259.96,360.73,9.6744995
2020-12-01 10:30:00,327.0,344.74,6.1629944
2020-12-02 10:30:00,315.16,325.72,2.2013245
2020-12-03 10:30:00,322.32,345.73,6.386444
2020-12-04 10:30:00,296.84,338.08,4.9039307
2020-12-05 10:30:00,241.47,336.52,4.8091736
2020-12-06 10:30:00,256.49,327.37,2.8077698
2020-12-07 10:30:00,318.87,323.26,1.6535339
2020-12-08 10:30:00,320.05,327.79,2.6253662
2020-12-09 10:30:00,292.53,332.75,3.7999268
2020-12-10 10:30:00,338.24,350.37,7.2723694
2020-12-11 10:30:00,332.35,363.34,9.905365
2020-12-12 10:30:00,284.68,346.86,6.7734375
2020-12-13 10:30:00,330.33,344.0,5.9963074
2020-12-14 10:30:00,340.5,343.73,5.8983154
2020-12-15 10:30:00,344.65,348.25,6.8125305
2020-12-16 10:30:00,335.64,352.29,7.6738586
2020-12-17 10:30:00,332.25,342.16,5.606964
2020-12-18 10:30:00,334.87,341.88,5.537903
2020-12-19 10:30:00,287.8,347.52,6.895935
2020-12-20 10:30:00,328.51,357.74,8.803192
2020-12-21 10:30:00,320.38,347.78,6.8157043
2020-12-22 10:30:00,286.97,359.9,9.401611
2020-12-23 10:30:00,292.51,359.86,9.371521
2020-12-24 10:30:00,266.95,347.57,6.991577
2020-12-25 10:30:00,262.24,321.1,1.4305115
2020-12-26 10:30:00,226.78,324.11,2.23526
2020-12-27 10:30:00,258.37,298.58,-3.5825806
2020-12-28 10:30:00,313.85,322.27,1.4604797
2020-12-29 10:30:00,316.23,324.65,1.9658203
2020-12-30 10:30:00,307.34,326.8,2.4674072
2020-12-31 10:30:00,308.39,341.43,5.5544434
2021-01-01 10:30:00,309.14,324.98,2.067688
2021-01-02 10:30:00,249.98,305.2,-2.0368652
2021-01-03 10:30:00,219.1,314.54,0.18389893
2021-01-04 10:30:00,226.4,318.72,1.0683594
2021-01-05 10:30:00,291.57,309.51,-1.2549744
2021-01-06 10:30:00,287.65,312.72,-0.5218811
2021-01-07 10:30:00,216.73,294.67,-4.292145
2021-01-08 10:30:00,217.01,302.56,-2.4851685
2021-01-09 10:30:00,291.38,299.76,-3.4632568
2021-01-10 10:30:00,299.13,313.48,-0.40420532
2021-01-11 10:30:00,283.91,296.52,-4.174988
2021-01-12 10:30:00,289.1,304.62,-2.3450012
2021-01-13 10:30:00,302.31,343.33,5.973633
2021-01-14 10:30:00,310.88,346.31,6.552887
2021-01-15 10:30:00,286.46,340.36,5.423126
2021-01-16 10:30:00,229.25,321.98,1.7645569
2021-01-17 10:30:00,345.0,347.78,6.714691
2021-01-18 10:30:00,228.05,327.16,2.8845825
2021-01-19 10:30:00,234.04,319.65,1.2377625
2021-01-20 10:30:00,288.72,341.23,5.5946045
2021-01-21 10:30:00,277.31,355.05,8.46817
2021-01-22 10:30:00,333.62,342.62,5.6967773
2021-01-23 10:30:00,309.39,352.11,7.7438965
2021-01-24 10:30:00,279.04,334.55,4.237274
2021-01-25 10:30:00,325.78,337.65,4.692566
2021-01-26 10:30:00,264.5,323.29,1.8954773
2021-01-27 10:30:00,357.7,363.21,9.7789
2021-01-28 10:30:00,325.12,375.86,12.385071
2021-01-29 10:30:00,312.25,366.03,10.516785
2021-01-30 10:30:00,329.57,352.7,7.7817383
2021-01-31 10:30:00,353.82,352.52,7.646698
2021-02-01 10:30:00,341.09,357.59,8.722534
2021-02-02 10:30:00,291.54,381.71,13.637207
2021-02-03 10:30:00,280.98,368.09,11.044617
2021-02-04 10:30:00,345.66,360.5,9.287079
2021-02-05 10:30:00,349.98,359.06,8.981781
2021-02-06 10:30:00,357.89,362.42,9.621063
2021-02-07 10:30:00,279.12,357.27,8.907074
2021-02-08 10:30:00,330.75,340.2,5.2052
2021-02-09 10:30:00,308.48,349.38,7.191803
2021-02-10 10:30:00,288.98,347.03,6.79068
2021-02-11 10:30:00,266.51,369.13,11.30484
2021-02-12 10:30:00,339.45,342.31,5.6082153
2021-02-13 10:30:00,329.66,339.05,4.9695435
2021-02-14 10:30:00,252.78,342.2,5.9447937
2021-02-15 10:30:00,262.46,350.68,7.644104
2021-02-16 10:30:00,270.11,365.13,10.505524
2021-02-17 10:30:00,272.17,367.52,10.967407
2021-02-18 10:30:00,322.93,355.43,8.36087
2021-02-19 10:30:00,280.7,372.81,11.9664
2021-02-20 10:30:00,282.75,371.34,11.672638
2021-02-21 10:30:00,313.72,360.8,9.474365
2021-02-22 10:30:00,347.66,351.28,7.4194946
2021-02-23 10:30:00,342.35,369.46,11.072571
2021-02-24 10:30:00,288.83,380.24,13.366791
2021-02-25 10:30:00,284.94,372.07,11.806183
2021-02-26 10:30:00,338.81,351.43,7.4860535
2021-02-27 10:30:00,261.28,368.33,11.168823
2021-02-28 10:30:00,280.54,364.51,10.3420105
2021-03-01 10:30:00,276.25,368.95,11.231567
2021-03-02 10:30:00,305.91,370.52,11.422455
2021-03-03 10:30:00,299.33,356.26,8.623077
2021-03-04 10:30:00,289.22,370.14,11.413422
2021-03-05 10:30:00,296.64,379.2,13.137695
2021-03-06 10:30:00,327.06,352.07,7.664032
2021-03-07 10:30:00,331.22,352.58,7.750702
2021-03-08 10:30:00,334.36,358.94,9.020325
2021-03-09 10:30:00,253.39,362.92,10.13504
2021-03-10 10:30:00,250.75,368.04,11.153259
2021-03-11 10:30:00,307.76,399.15,16.847595
2021-03-12 10:30:00,319.85,372.77,11.806519
2021-03-13 10:30:00,278.86,383.0,13.931213
2021-03-14 10:30:00,324.09,343.9,6.0014343
2021-03-15 10:30:00,320.55,347.27,6.710388
2021-03-16 10:30:00,307.76,365.27,10.3845825
2021-03-17 10:30:00,282.56,365.52,10.533295
2021-03-18 10:30:00,272.28,360.55,9.589661
2021-03-19 10:30:00,312.65,327.51,2.597046
2021-03-20 10:30:00,242.66,345.92,6.7530212
2021-03-21 10:30:00,264.32,355.18,8.546661
2021-03-22 10:30:00,274.02,354.28,8.326233
2021-03-23 10:30:00,257.81,377.97,13.05072
2021-03-24 10:30:00,271.23,392.06,15.667236
2021-03-25 10:30:00,302.5,383.05,13.850769
2021-03-26 10:30:00,317.23,384.39,14.04953
2021-03-27 10:30:00,312.06,375.27,12.321503
2021-03-28 10:30:00,280.34,393.39,15.881348
2021-03-29 10:30:00,288.42,396.08,16.351349
2021-03-30 10:30:00,299.12,402.19,17.438507
2021-03-31 10:30:00,304.73,402.65,17.502258
2021-04-01 10:30:00,302.13,399.21,16.879456
2021-04-02 10:30:00,318.48,398.56,16.699097
2021-04-03 10:30:00,293.24,398.46,16.773865
2021-04-04 10:30:00,276.97,392.28,15.68689
2021-04-05 10:30:00,277.17,391.87,15.609558
2021-04-06 10:30:00,327.48,352.81,7.812561
2021-04-19 10:30:00,281.2,463.99,28.22055
2021-04-20 10:30:00,313.7,465.59,28.376587
2021-04-21 10:30:00,337.88,449.35,25.593658
2021-04-22 10:30:00,300.0,445.19,25.017853
2021-04-23 10:30:00,304.18,471.56,29.382568
2021-04-24 10:30:00,309.17,478.19,30.43808
2021-04-25 10:30:00,341.1,381.33,13.375305
2021-04-26 10:30:00,355.44,359.02,8.951874
2021-04-27 10:30:00,343.82,389.74,14.960266
2021-04-28 10:30:00,350.52,373.3,11.790283
2021-04-29 10:30:00,340.19,378.71,12.876373
2021-04-30 10:30:00,325.55,408.54,18.500061
2021-05-01 10:30:00,330.19,350.67,7.366394
2021-05-02 10:30:00,297.86,419.59,20.582123
2021-05-03 10:30:00,282.17,437.09,23.694824
2021-05-05 10:30:00,343.64,422.79,20.986847
2021-05-06 10:30:00,335.92,463.46,27.953186
2021-05-07 10:30:00,363.92,393.78,15.642242
2021-05-08 10:30:00,325.67,455.44,26.65686
2021-05-09 10:30:00,342.64,402.61,17.355865
2021-05-10 10:30:00,300.47,432.3,22.803955
2021-05-11 10:30:00,339.44,360.05,9.222046
2021-05-12 10:30:00,328.72,415.22,19.692719
2021-05-13 10:30:00,301.34,425.73,21.653961
2021-05-14 10:30:00,301.39,395.21,16.141693
2021-05-15 10:30:00,363.28,375.48,12.16391
2021-05-16 10:30:00,378.05,388.55,14.606964
2021-05-17 10:30:00,298.14,397.71,16.617188
2021-05-18 10:30:00,335.36,424.07,21.242096
2021-05-19 10:30:00,344.63,400.91,17.036072
2021-05-20 10:30:00,295.05,454.55,26.610504
2021-05-21 10:30:00,334.21,433.51,22.89682
2021-05-22 10:30:00,335.49,433.68,22.921844
2021-05-23 10:30:00,330.36,422.4,20.964844
2021-05-24 10:30:00,346.94,389.84,14.967346
2021-05-25 10:30:00,332.45,437.44,23.582
2021-05-26 10:30:00,301.77,460.94,27.649994
2021-05-27 10:30:00,314.94,484.32,31.400635
2021-05-28 10:30:00,343.07,488.77,32.017914
2021-05-29 10:30:00,380.78,439.85,23.83023
2021-05-30 10:30:00,339.64,489.37,32.12372
2021-05-31 10:30:00,348.45,498.62,33.548706
2021-06-01 10:30:00,349.55,466.69,28.439423
2021-06-02 10:30:00,382.88,416.88,19.79599
2021-06-03 10:30:00,384.8,442.78,24.318512
2021-06-04 10:30:00,370.89,388.45,14.615112
2021-06-05 10:30:00,328.89,418.61,20.297577
2021-06-06 10:30:00,346.46,451.67,25.955536
2021-06-07 10:30:00,343.52,473.4,29.553558
2021-06-08 10:30:00,335.88,506.78,34.852173
2021-06-09 10:30:00,340.03,494.56,32.940002
2021-06-10 10:30:00,347.81,509.63,35.25348
2021-06-11 10:30:00,366.55,492.12,32.47293
2021-06-12 10:30:00,343.85,476.32,30.025024
2021-06-13 10:30:00,376.79,535.72,39.093964
2021-06-14 10:30:00,381.85,530.65,38.326904
2021-06-15 10:30:00,375.94,535.04,38.99594
2021-06-16 10:30:00,384.38,522.98,37.17099
2021-06-17 10:30:00,397.84,419.74,20.253235
2021-06-18 10:30:00,389.06,449.83,25.501892
2021-06-19 10:30:00,373.1,453.76,26.21701
2021-06-20 10:30:00,371.21,427.47,21.71408
2021-06-21 10:30:00,349.85,457.1,26.853058
2021-06-22 10:30:00,375.25,415.41,19.559937
2021-06-23 10:30:00,359.99,400.53,16.909454
2021-06-24 10:30:00,353.45,416.72,19.87268
2021-06-25 10:30:00,376.08,437.15,23.381592
2021-06-26 10:30:00,351.65,470.59,29.07022
2021-06-27 10:30:00,384.36,398.97,16.53128
2021-06-28 10:30:00,375.49,420.01,20.38086
2021-06-29 10:30:00,323.5,425.42,21.521606
2021-06-30 10:30:00,363.54,429.96,22.17691
2021-07-01 10:30:00,347.5,468.37,28.721313
2021-07-02 10:30:00,369.92,483.0,31.014526
2021-07-03 10:30:00,387.02,401.61,17.00885
2021-07-04 10:30:00,356.63,433.04,22.737427
2021-07-05 10:30:00,362.83,463.33,27.843018
2021-07-06 10:30:00,367.11,415.04,19.522766
2021-07-07 10:30:00,381.51,415.97,19.637909
2021-07-08 10:30:00,346.95,406.67,18.082397
2021-07-09 10:30:00,350.12,457.95,26.993713
2021-07-10 10:30:00,348.23,458.11,27.026611
2021-07-11 10:30:00,347.51,465.93,28.321411
2021-07-12 10:30:00,377.37,388.08,14.520752
2021-07-13 10:30:00,351.27,402.72,17.34439
2021-07-14 10:30:00,367.88,389.63,14.848999
2021-07-15 10:30:00,372.23,393.78,15.611206
2021-07-16 10:30:00,343.45,439.86,23.960114
2021-07-17 10:30:00,346.4,453.32,26.232788
2021-07-18 10:30:00,363.08,461.37,27.51828
2021-07-19 10:30:00,347.87,459.74,27.298584
2021-07-20 10:30:00,387.04,482.98,30.956543
2021-07-21 10:30:00,390.39,436.93,23.29422
2021-07-22 10:30:00,388.61,488.05,31.75943
2021-07-23 10:30:00,394.35,484.38,31.156952
2021-07-24 10:30:00,395.38,432.43,22.496582
2021-07-25 10:30:00,388.17,433.33,22.678223
2021-07-26 10:30:00,384.83,416.85,19.78366
2021-07-27 10:30:00,356.01,461.0,27.480438
2021-07-28 10:30:00,386.76,414.09,19.281433
2021-07-29 10:30:00,370.53,440.95,24.054138
2021-07-30 10:30:00,386.87,404.64,17.565857
2021-07-31 10:30:00,366.74,388.51,14.64212
2021-08-01 10:30:00,360.13,416.92,19.884552
2021-08-02 10:30:00,338.54,429.76,22.229279
2021-08-03 10:30:00,378.35,418.03,20.017761
2021-08-04 10:30:00,373.49,409.86,18.565552
2021-08-05 10:30:00,353.93,437.6,23.535553
2021-08-06 10:30:00,385.43,407.55,18.102509
2021-08-07 10:30:00,387.27,400.39,16.78299
2021-08-08 10:30:00,362.79,419.16,20.27478
2021-08-09 10:30:00,345.28,448.23,25.379456
2021-08-10 10:30:00,369.25,465.9,28.245056
2021-08-11 10:30:00,385.32,472.49,29.269928
2021-08-12 10:30:00,397.43,484.29,31.13272
2021-08-13 10:30:00,404.31,427.12,21.536316
2021-08-14 10:30:00,391.2,479.99,30.463715
2021-08-15 10:30:00,409.67,439.53,23.675903
2021-08-16 10:30:00,379.5,412.68,19.05362
2021-08-17 10:30:00,368.1,420.76,20.540436
2021-08-18 10:30:00,321.94,422.72,21.051178
2021-08-19 10:30:00,361.5,440.6,24.025116
2021-08-20 10:30:00,342.71,452.35,26.082397
2021-08-21 10:30:00,395.18,419.16,20.159332
2021-08-22 10:30:00,393.28,424.35,21.087097
2021-08-23 10:30:00,347.47,445.96,24.987396
2021-08-24 10:30:00,337.67,448.88,25.515045
2021-08-25 10:30:00,348.31,460.29,27.388336
2021-08-26 10:30:00,354.14,471.94,29.281921
2021-08-27 10:30:00,344.32,448.69,25.46048
2021-08-28 10:30:00,316.61,440.64,24.18576
2021-08-29 10:30:00,318.93,445.28,24.968872
2021-08-30 10:30:00,329.64,446.7,25.1734
2021-08-31 10:30:00,331.55,453.25,26.270844
2021-09-01 10:30:00,356.61,458.18,27.010376
2021-09-02 10:30:00,381.25,415.57,19.567139
2021-09-03 10:30:00,399.99,434.83,22.897583
2021-09-04 10:30:00,377.29,428.33,21.843597
2021-09-05 10:30:00,360.44,463.87,27.939941
2021-09-06 10:30:00,364.77,469.52,28.852814
2021-09-07 10:30:00,386.94,473.47,29.42395
2021-09-08 10:30:00,418.55,451.45,25.67575
2021-09-09 10:30:00,397.82,418.68,20.0643
2021-09-10 10:30:00,353.94,429.52,22.133575
2021-09-11 10:30:00,357.23,438.66,23.706665
2021-09-12 10:30:00,358.41,452.89,26.120361
2021-09-13 10:30:00,360.53,437.62,23.516266
2021-10-26 10:30:00,332.21,402.48,17.3703
2021-10-27 10:30:00,271.94,395.84,16.36795
2021-10-28 10:30:00,293.8,410.59,18.98581
2021-10-29 10:30:00,330.13,396.25,16.228119
2021-10-30 10:30:00,365.74,410.59,18.7258
2021-10-31 10:30:00,330.8,395.66,16.115997
2021-11-01 10:30:00,325.59,380.89,13.350494
2021-11-02 10:30:00,333.08,379.67,13.088074
2021-11-03 10:30:00,274.74,360.87,9.643555
2021-11-04 10:30:00,317.79,361.83,9.663239
2021-11-05 10:30:00,325.33,346.32,6.495514
2021-11-06 10:30:00,304.71,345.96,6.5062866
2021-11-07 10:30:00,290.23,347.56,6.8941956
2021-11-08 10:30:00,283.24,371.32,11.66684
2021-11-09 10:30:00,261.98,348.25,7.15094
2021-11-10 10:30:00,326.98,345.19,6.2559204
2021-11-11 10:30:00,336.0,356.97,8.618378
2021-11-12 10:30:00,283.68,367.46,10.910461
2021-11-13 10:30:00,346.67,363.15,9.810791
2021-11-14 10:30:00,339.53,361.42,9.495056
2021-11-15 10:30:00,335.66,348.2,6.839142
2021-11-16 10:30:00,327.18,349.64,7.1684875
2021-11-17 10:30:00,318.15,336.75,4.535675
2021-11-18 10:30:00,290.14,361.11,9.630005
2021-11-19 10:30:00,254.8,356.28,8.80603
2021-11-20 10:30:00,258.3,354.82,8.498444
2021-11-21 10:30:00,318.91,353.4,7.966858
2021-11-22 10:30:00,310.37,348.64,7.032837
2021-11-23 10:30:00,315.47,327.28,2.5355835
2021-11-24 10:30:00,334.58,339.07,4.9531555
2021-11-25 10:30:00,286.4,350.84,7.5792847
2021-11-26 10:30:00,305.53,325.47,2.1889343
2021-11-27 10:30:00,299.97,331.81,3.5690308
2021-11-28 10:30:00,302.67,324.93,2.0848389
2021-11-29 10:30:00,300.67,327.35,2.6141357
2021-11-30 10:30:00,305.96,323.07,1.668335
2021-12-01 10:30:00,340.58,351.56,7.5053406
2021-12-02 10:30:00,286.83,340.92,5.5380554
2021-12-03 10:30:00,299.5,331.15,3.4307861
2021-12-04 10:30:00,343.43,349.84,7.142975
2021-12-05 10:30:00,310.55,328.52,2.8225098
2021-12-06 10:30:00,273.15,342.75,5.9742737
2021-12-07 10:30:00,298.39,335.55,4.366394
2021-12-08 10:30:00,301.4,326.96,2.5272827
2021-12-09 10:30:00,293.73,326.94,2.5559082
2021-12-10 10:30:00,325.77,342.12,5.6255493
2021-12-11 10:30:00,263.15,347.85,7.064392
2021-12-12 10:30:00,287.45,345.2,6.420929
2021-12-13 10:30:00,245.36,333.46,4.1494446
2021-12-14 10:30:00,249.78,336.48,4.7659607
2021-12-15 10:30:00,253.95,337.2,4.899292
2021-12-16 10:30:00,248.57,333.8,4.2076416
2021-12-17 10:30:00,252.77,337.76,5.0213623
2021-12-18 10:30:00,242.94,333.08,4.079468
2021-12-19 10:30:00,243.15,330.71,3.5767517
2021-12-20 10:30:00,229.58,320.74,1.4942322
2021-12-21 10:30:00,299.85,308.25,-1.574646
2021-12-22 10:30:00,261.54,342.72,6.0161133
2021-12-23 10:30:00,336.62,350.41,7.28714
2021-12-24 10:30:00,294.66,355.43,8.474823
2021-12-25 10:30:00,316.19,345.48,6.360199
2021-12-26 10:30:00,314.58,353.76,8.0572815
2021-12-27 10:30:00,323.4,357.9,8.855804
2021-12-28 10:30:00,352.58,368.82,10.906921
2021-12-29 10:30:00,378.43,385.73,14.071564
2021-12-30 10:30:00,327.72,358.06,8.870575
2021-12-31 10:30:00,266.84,356.75,8.85202
2022-01-01 10:30:00,252.35,346.11,6.752228
2022-01-02 10:30:00,319.9,336.89,4.5577393
2022-01-03 10:30:00,271.39,347.32,6.9222107
2022-01-04 10:30:00,269.51,347.32,6.929901
2022-01-05 10:30:00,288.91,332.07,3.6711426
2022-01-06 10:30:00,225.85,328.29,3.135376
2022-01-07 10:30:00,299.01,318.44,0.6896057
2022-01-08 10:30:00,328.41,345.77,6.3695984
2022-01-09 10:30:00,325.75,340.03,5.190613
2022-01-10 10:30:00,345.73,342.2,5.5592346
2022-01-11 10:30:00,248.61,347.23,6.9970703
2022-01-12 10:30:00,263.62,313.1,-0.33099365
2022-01-13 10:30:00,221.42,322.59,1.9304199
2022-01-14 10:30:00,276.69,306.92,-1.7695312
2022-01-15 10:30:00,217.56,311.37,-0.510376
2022-01-16 10:30:00,221.39,311.63,-0.46966553
2022-01-17 10:30:00,286.98,302.62,-2.7895813
2022-01-18 10:30:00,297.1,311.0,-0.9467163
2022-01-19 10:30:00,282.9,333.79,4.0606384
2022-01-20 10:30:00,322.28,334.17,3.9745178
2022-01-21 10:30:00,223.06,324.43,2.3201904
2022-01-22 10:30:00,224.68,315.65,0.40359497
2022-01-23 10:30:00,222.5,314.01,0.05203247
2022-01-24 10:30:00,238.2,327.97,3.0143127
2022-01-25 10:30:00,230.58,323.29,2.0420532
2022-01-26 10:30:00,229.69,328.65,3.1957397
2022-01-27 10:30:00,225.26,322.48,1.8900452
2022-01-28 10:30:00,300.57,312.76,-0.57037354
2022-01-29 10:30:00,306.3,318.03,0.567749
2022-01-30 10:30:00,298.43,314.62,-0.14865112
2022-01-31 10:30:00,311.55,335.72,4.3468018
2022-02-01 10:30:00,246.88,340.17,5.5482483
2022-02-02 10:30:00,336.55,345.19,6.216461
2022-02-03 10:30:00,267.76,357.12,8.922546
2022-02-04 10:30:00,295.55,365.48,10.474213
2022-02-05 10:30:00,327.34,343.07,5.8161316
2022-02-06 10:30:00,246.04,350.14,7.6011047
2022-02-07 10:30:00,339.3,354.4,8.086731
2022-02-08 10:30:00,240.33,354.83,8.572784
2022-02-09 10:30:00,256.14,359.8,9.504578
2022-02-10 10:30:00,257.43,360.68,9.674622
2022-02-11 10:30:00,308.56,365.86,10.497833
2022-02-12 10:30:00,292.76,335.98,4.4805603
2022-02-13 10:30:00,274.41,368.57,11.164398
2022-02-14 10:30:00,260.11,356.85,8.899078
2022-02-15 10:30:00,294.33,348.83,7.1372375
2022-02-16 10:30:00,341.49,354.95,8.189056
2022-02-17 10:30:00,347.76,374.08,11.952576
2022-02-18 10:30:00,286.49,366.02,10.6163025
2022-02-19 10:30:00,322.08,358.98,9.077515
2022-02-20 10:30:00,332.73,356.06,8.448364
2022-02-21 10:30:00,331.49,355.33,8.306183
2022-02-22 10:30:00,268.57,367.06,10.891266
2022-02-23 10:30:00,266.94,374.37,12.321991
2022-02-24 10:30:00,287.67,366.51,10.708099
2022-02-25 10:30:00,278.16,349.57,7.3542786
2022-02-26 10:30:00,230.98,357.84,9.213898
2022-02-27 10:30:00,319.68,343.24,5.883087
2022-02-28 10:30:00,269.2,376.01,12.629913
2022-03-01 10:30:00,272.29,376.43,12.698944
2022-03-02 10:30:00,324.58,356.76,8.622101
2022-03-03 10:30:00,270.61,373.31,12.102539
2022-03-04 10:30:00,342.66,346.13,6.3850403
2022-03-05 10:30:00,318.75,353.01,7.8885193
2022-03-06 10:30:00,299.51,355.26,8.421051
2022-03-07 10:30:00,287.7,354.86,8.388031
2022-03-08 10:30:00,277.63,362.33,9.922089
2022-03-09 10:30:00,316.07,357.29,8.762787
2022-03-10 10:30:00,318.64,366.65,10.613739
2022-03-11 10:30:00,322.68,367.35,10.735596
2022-03-12 10:30:00,335.25,349.32,7.0701294
2022-03-13 10:30:00,324.61,343.91,6.001343
2022-03-14 10:30:00,312.0,359.82,9.285736
2022-03-15 10:30:00,307.82,371.54,11.613953
2022-03-16 10:30:00,347.52,368.15,10.795197
2022-03-17 10:30:00,350.11,374.78,12.079285
2022-03-18 10:30:00,323.02,355.75,8.425018
2022-03-19 10:30:00,281.35,373.7,12.136505
2022-03-20 10:30:00,295.51,373.91,12.122314
2022-03-21 10:30:00,290.47,381.9,13.677551
2022-03-22 10:30:00,293.2,376.96,12.720459
2022-03-23 10:30:00,271.7,377.18,12.845551
2022-03-24 10:30:00,276.42,382.55,13.854889
2022-03-25 10:30:00,295.26,371.4,11.63559
2022-03-26 10:30:00,279.89,379.57,13.272766
2022-03-27 10:30:00,297.83,398.15,16.699646
2022-03-28 10:30:00,302.37,399.19,16.874878
2022-03-29 10:30:00,324.12,376.38,12.48938
2022-03-30 10:30:00,343.03,349.51,7.0771484
2022-03-31 10:30:00,317.17,351.7,7.6290283
2022-04-01 10:30:00,283.08,323.4,1.8388977
2022-04-02 10:30:00,270.67,324.89,2.214203
2022-04-03 10:30:00,289.77,336.77,4.6590576
2022-04-04 10:30:00,278.37,337.37,4.8326416
2022-04-05 10:30:00,254.95,374.13,12.32193
2022-04-06 10:30:00,335.56,351.94,7.603058
2022-04-07 10:30:00,307.84,392.7,15.650024
2022-04-08 10:30:00,312.8,401.83,17.322235
2022-04-09 10:30:00,303.3,357.7,8.896332
2022-04-10 10:30:00,264.83,383.04,13.992157
2022-04-11 10:30:00,304.03,382.82,13.801147
2022-04-12 10:30:00,317.66,379.53,13.120361
2022-04-13 10:30:00,346.77,363.67,9.913605
2022-04-14 10:30:00,295.31,398.68,16.806824
2022-04-15 10:30:00,308.32,395.1,16.09549
2022-04-16 10:30:00,341.69,380.37,13.18927
2022-04-17 10:30:00,293.86,405.26,18.018951
2022-04-18 10:30:00,353.97,373.87,11.887665
2022-04-19 10:30:00,352.77,366.51,10.45163
2022-04-20 10:30:00,335.86,353.22,7.8616943
2022-04-21 10:30:00,340.89,359.05,9.016205
2022-04-22 10:30:00,351.18,374.19,11.960663
2022-04-23 10:30:00,335.83,344.37,6.050049
2022-04-24 10:30:00,337.66,373.56,11.890839
2022-04-25 10:30:00,322.95,384.81,14.107544
2022-04-26 10:30:00,305.5,407.84,18.445831
2022-04-27 10:30:00,357.9,394.63,15.823364
2022-04-28 10:30:00,365.59,375.78,12.213043
2022-04-29 10:30:00,315.8,404.5,17.800201
2022-04-30 10:30:00,327.98,395.01,16.005615
2022-05-01 10:30:00,312.82,392.17,15.532349
2022-05-02 10:30:00,349.71,387.41,14.498657
2022-05-03 10:30:00,350.34,388.69,14.737946
2022-05-04 10:30:00,361.98,372.02,11.496338
2022-05-05 10:30:00,306.46,396.88,16.43274
2022-05-06 10:30:00,332.97,390.42,15.128876
2022-05-07 10:30:00,303.63,403.13,17.594177
2022-05-08 10:30:00,309.53,408.66,18.579895
2022-05-09 10:30:00,326.95,429.65,22.25055
2022-05-10 10:30:00,338.41,440.61,24.105957
2022-05-11 10:30:00,339.05,441.62,24.276611
2022-05-12 10:30:00,377.48,401.39,17.003479
2022-05-13 10:30:00,379.72,417.13,19.85205
2022-05-14 10:30:00,355.72,447.5,25.220581
2022-05-15 10:30:00,351.13,442.11,24.319092
2022-05-16 10:30:00,347.66,445.98,24.990173
2022-05-17 10:30:00,357.9,458.63,27.080933
2022-05-18 10:30:00,368.77,465.01,28.10025
2022-05-19 10:30:00,378.56,439.87,23.841309
2022-05-20 10:30:00,369.67,455.18,26.46634
2022-05-21 10:30:00,362.26,460.99,27.458069
2022-05-22 10:30:00,389.27,454.53,26.29187
2022-05-23 10:30:00,374.71,394.91,15.812866
2022-05-24 10:30:00,346.35,378.86,12.881531
2022-05-25 10:30:00,334.51,406.8,18.151367
2022-05-26 10:30:00,361.28,379.48,12.943298
2022-05-27 10:30:00,362.64,430.86,22.337128
2022-05-28 10:30:00,336.27,435.33,23.204773
2022-05-29 10:30:00,306.13,441.33,24.3396
2022-05-30 10:30:00,340.78,426.09,21.578613
2022-05-31 10:30:00,372.55,428.21,21.839172
2022-06-01 10:30:00,355.6,468.09,28.648987
2022-06-02 10:30:00,399.41,442.46,24.213806
2022-06-03 10:30:00,366.92,475.82,29.86969
2022-06-04 10:30:00,398.2,413.54,19.141235
2022-06-05 10:30:00,382.71,412.56,19.020416
2022-06-06 10:30:00,356.95,466.86,28.443024
2022-06-07 10:30:00,382.35,403.44,17.362457
2022-06-08 10:30:00,377.17,398.83,16.531982
2022-06-09 10:30:00,343.62,430.91,22.41214
2022-06-10 10:30:00,333.16,465.0,28.21576
2022-06-11 10:30:00,356.65,490.58,32.26117
2022-06-12 10:30:00,385.05,426.38,21.473938
2022-06-13 10:30:00,374.72,479.45,30.429901
2022-06-14 10:30:00,394.01,502.52,34.013763
2022-06-15 10:30:00,394.89,500.44,33.687622
2022-06-16 10:30:00,399.68,522.49,37.051086
2022-06-17 10:30:00,399.53,529.83,38.152008
2022-06-18 10:30:00,400.97,518.68,36.471283
2022-06-19 10:30:00,388.32,497.86,33.305542
2022-06-20 10:30:00,406.87,448.63,25.238708
2022-07-13 10:30:00,369.36,549.88,41.18753
2022-07-14 10:30:00,381.69,551.98,41.455658
2022-07-15 10:30:00,379.12,536.01,39.129944
2022-07-16 10:30:00,377.33,556.12,42.064667
2022-07-17 10:30:00,379.59,554.7,41.853973
2022-07-18 10:30:00,387.14,539.8,39.664795
2022-07-19 10:30:00,417.84,462.48,27.520721
2022-07-20 10:30:00,405.87,475.17,29.638367
2022-07-21 10:30:00,369.0,525.14,37.54184
2022-07-22 10:30:00,382.2,513.23,35.69919
2022-07-23 10:30:00,396.08,455.21,26.382965
2022-07-24 10:30:00,377.79,537.33,39.328705
2022-07-25 10:30:00,408.08,466.89,28.28012
2022-07-26 10:30:00,387.79,472.19,29.213074
2022-07-27 10:30:00,352.33,500.73,33.865173
2022-07-28 10:30:00,369.13,472.51,29.325836
2022-07-29 10:30:00,369.06,424.45,21.190247
2022-07-30 10:30:00,375.94,523.8,37.319763
2022-07-31 10:30:00,367.83,523.91,37.360657
2022-08-01 10:30:00,367.57,524.83,37.499634
2022-08-02 10:30:00,361.33,539.7,39.725952
2022-08-03 10:30:00,380.11,549.6,41.115784
2022-08-04 10:30:00,382.15,533.75,38.78653
2022-08-05 10:30:00,406.76,497.44,33.18216
2022-08-06 10:30:00,386.78,525.31,37.513977
2022-08-07 10:30:00,377.9,532.12,38.55728
2022-08-08 10:30:00,358.59,536.75,39.299805
2022-08-09 10:30:00,369.29,537.89,39.43628
2022-08-10 10:30:00,379.37,546.86,40.72
2022-08-11 10:30:00,398.76,540.46,39.72763
2022-08-12 10:30:00,408.59,555.44,41.876984
2022-08-13 10:30:00,383.89,521.07,36.88452
2022-08-14 10:30:00,400.37,478.82,30.245941
2022-08-15 10:30:00,371.83,493.68,32.701874
2022-08-16 10:30:00,392.91,528.76,38.012085
2022-08-17 10:30:00,352.64,456.56,26.753754
2022-08-18 10:30:00,341.48,421.5,20.766174
2022-08-19 10:30:00,382.06,441.14,24.04718
2022-08-20 10:30:00,369.45,494.44,32.828796
2022-08-21 10:30:00,377.57,498.77,33.481262
2022-08-22 10:30:00,395.68,436.08,23.128998
2022-08-23 10:30:00,401.43,469.75,28.7706
2022-08-24 10:30:00,371.15,525.13,37.533905
2022-08-25 10:30:00,394.0,441.26,24.026825
2022-08-26 10:30:00,389.61,461.4,27.435364
2022-08-27 10:30:00,359.03,506.25,34.699158
2022-08-28 10:30:00,367.15,525.0,37.526398
2022-08-29 10:30:00,381.36,516.01,36.125458
2022-08-30 10:30:00,371.46,499.13,33.556488
2022-08-31 10:30:00,387.98,462.48,27.619537
2022-09-01 10:30:00,374.46,487.74,31.755127
2022-09-02 10:30:00,375.42,487.9,31.777496
2022-09-03 10:30:00,392.67,458.69,26.97525
2022-09-04 10:30:00,367.73,502.78,34.13565
2022-09-05 10:30:00,377.48,511.22,35.40625
2022-09-06 10:30:00,369.14,481.02,30.699951
2022-09-07 10:30:00,357.45,475.1,29.783875
2022-09-08 10:30:00,346.97,467.43,28.569183
2022-09-09 10:30:00,378.56,390.29,14.933044
2022-09-10 10:30:00,334.51,456.04,26.727478
2022-09-11 10:30:00,355.03,486.63,31.640564
2022-09-12 10:30:00,370.33,491.03,32.289032
2022-09-13 10:30:00,399.04,455.39,26.403198
2022-09-14 10:30:00,354.28,442.74,24.415955
2022-09-27 10:30:00,358.16,383.89,13.798767
2022-09-28 10:30:00,374.19,387.97,14.511963
2022-09-29 10:30:00,354.56,382.19,13.488251
2022-09-30 10:30:00,292.56,390.24,15.246765
2022-10-01 10:30:00,337.88,413.25,19.306213
2022-10-02 10:30:00,324.8,430.07,22.33133
2022-10-03 10:30:00,326.31,436.09,23.370453
2022-10-04 10:30:00,317.22,453.17,26.30545
2022-10-05 10:30:00,311.62,428.97,22.185364
2022-10-06 10:30:00,374.74,409.24,18.448578
2022-10-07 10:30:00,339.42,419.08,20.34375
2022-10-08 10:30:00,381.43,408.0,18.198975
2022-10-09 10:30:00,323.27,432.21,22.709167
2022-10-10 10:30:00,336.92,443.66,24.63211
2022-10-11 10:30:00,376.71,399.24,16.609528
2022-10-12 10:30:00,327.82,441.97,24.374847
2022-10-13 10:30:00,346.29,434.9,23.095734
2022-10-14 10:30:00,381.64,403.79,17.42926
2022-10-15 10:30:00,312.77,437.98,23.742645
2022-10-16 10:30:00,339.57,445.9,25.004059
2022-10-17 10:30:00,374.72,412.6,19.056427
2022-10-18 10:30:00,345.65,451.88,25.99356
2022-10-19 10:30:00,350.79,424.78,21.312866
2022-10-20 10:30:00,359.3,402.71,17.31308
2022-10-21 10:30:00,342.74,425.63,21.490845
2022-10-22 10:30:00,327.78,443.15,24.576355
2022-10-23 10:30:00,366.9,461.66,27.55362
2022-10-24 10:30:00,321.85,450.19,25.789307
2022-10-25 10:30:00,337.09,432.12,22.645477
2022-10-26 10:30:00,360.88,401.07,17.005707
2022-10-27 10:30:00,365.58,417.78,20.018738
2022-10-28 10:30:00,371.26,409.42,18.493866
2022-10-29 10:30:00,324.13,418.77,20.342987
2022-10-30 10:30:00,330.75,418.27,20.230377
2022-10-31 10:30:00,329.29,431.93,22.639557
2022-11-01 10:30:00,314.63,415.86,19.857727
2022-11-02 10:30:00,303.8,413.48,19.470032
2022-11-03 10:30:00,352.39,385.55,14.13623
2022-11-04 10:30:00,313.7,361.07,9.528259
2022-11-05 10:30:00,279.79,380.11,13.376495
2022-11-06 10:30:00,270.68,376.24,12.668518
2022-11-07 10:30:00,271.52,382.63,13.888763
2022-11-08 10:30:00,343.23,402.55,17.342712
2022-11-09 10:30:00,343.08,398.91,16.672852
2022-11-10 10:30:00,346.64,361.58,9.498596
2022-11-11 10:30:00,295.98,388.59,14.92392
2022-11-12 10:30:00,303.27,401.69,17.331543
2022-11-13 10:30:00,277.63,389.27,15.120758
2022-11-14 10:30:00,338.55,384.96,14.076782
2022-11-15 10:30:00,316.65,394.8,16.008698
2022-11-16 10:30:00,278.89,385.54,14.412872
2022-11-17 10:30:00,353.01,379.13,12.907837
2022-11-18 10:30:00,301.46,360.35,9.433563
2022-11-19 10:30:00,328.99,341.37,5.4562683
2022-11-20 10:30:00,254.86,354.18,8.383331
2022-11-21 10:30:00,348.06,347.87,6.720581
2022-11-22 10:30:00,298.62,337.32,4.737274
2022-11-23 10:30:00,350.03,370.24,11.195221
2022-11-24 10:30:00,299.03,349.05,7.1629944
2022-11-25 10:30:00,346.96,344.72,6.0763855
2022-11-26 10:30:00,254.13,347.39,7.007202
2022-11-27 10:30:00,266.02,345.41,6.552307
2022-11-28 10:30:00,297.23,342.96,5.9180603
2022-11-29 10:30:00,319.49,360.53,9.3975525
2022-11-30 10:30:00,316.06,330.0,3.115265
2022-12-01 10:30:00,307.55,319.27,0.83392334
2022-12-02 10:30:00,302.68,327.34,2.603363
2022-12-03 10:30:00,295.54,328.98,2.9851074
2022-12-04 10:30:00,235.62,334.67,4.445404
2022-12-05 10:30:00,235.61,328.24,3.0830383
2022-12-06 10:30:00,296.17,336.93,4.6657715
2022-12-07 10:30:00,264.65,349.96,7.4887695
2022-12-08 10:30:00,324.66,332.72,3.6573486
2022-12-09 10:30:00,326.95,340.83,5.352356
2022-12-10 10:30:00,241.7,313.43,-0.16091919
2022-12-11 10:30:00,211.95,292.76,-4.713196
2022-12-12 10:30:00,284.5,308.53,-1.4428711
2022-12-13 10:30:00,344.03,348.0,6.763794
2022-12-14 10:30:00,328.99,356.25,8.501709
2022-12-15 10:30:00,348.12,354.53,8.077332
2022-12-16 10:30:00,340.44,352.21,7.638092
2022-12-17 10:30:00,320.08,334.2,3.9901428
2022-12-18 10:30:00,258.77,345.15,6.528656
2022-12-19 10:30:00,280.54,367.84,10.997345
2022-12-20 10:30:00,322.4,358.97,9.074219
2022-12-21 10:30:00,286.52,368.74,11.150238
2022-12-22 10:30:00,291.71,370.44,11.46228
2022-12-23 10:30:00,302.15,373.44,12.005432
2022-12-24 10:30:00,287.33,363.42,10.09964
2022-12-25 10:30:00,276.08,343.5,6.117218
2022-12-26 10:30:00,284.62,361.44,9.71759
2022-12-27 10:30:00,340.46,358.3,8.867584
2022-12-28 10:30:00,272.83,355.85,8.647217
2022-12-29 10:30:00,296.56,355.29,8.438965
2022-12-30 10:30:00,316.15,362.13,9.729431
2022-12-31 10:30:00,299.86,367.39,10.83316
2023-01-01 10:30:00,291.6,371.05,11.581665
2023-01-02 10:30:00,346.76,359.48,9.078766
2023-01-03 10:30:00,321.32,355.03,8.286682
2023-01-04 10:30:00,249.62,337.78,5.038727
2023-01-05 10:30:00,330.01,346.63,6.5400085
2023-01-06 10:30:00,314.81,343.3,5.91568
2023-01-07 10:30:00,263.8,347.25,6.938965
2023-01-08 10:30:00,306.07,344.83,6.2679443
2023-01-09 10:30:00,313.53,338.16,4.8507996
2023-01-10 10:30:00,272.53,355.74,8.626312
2023-01-11 10:30:00,339.54,339.36,4.993042
2023-01-12 10:30:00,256.43,338.1,5.077118
2023-01-13 10:30:00,298.67,357.55,8.884796
2023-01-14 10:30:00,278.57,342.92,5.98703
2023-01-15 10:30:00,333.27,338.37,4.8121033
2023-01-16 10:30:00,308.15,333.35,3.8608093
2023-01-17 10:30:00,310.18,329.3,2.9909058
2023-01-18 10:30:00,285.09,319.87,1.0631409
2023-01-19 10:30:00,278.51,324.16,2.0229187
2023-01-20 10:30:00,259.81,320.7,1.354126
2023-01-21 10:30:00,291.38,309.34,-1.2921753
2023-01-22 10:30:00,286.98,296.01,-4.30719
2023-01-23 10:30:00,286.83,296.9,-4.1006775
2023-01-24 10:30:00,287.38,313.73,-0.2966919
2023-01-25 10:30:00,295.55,306.79,-1.8837891
2023-01-26 10:30:00,294.83,312.91,-0.51156616
2023-01-27 10:30:00,294.9,306.8,-1.8786316
2023-01-28 10:30:00,295.76,312.65,-0.5734558
2023-01-29 10:30:00,273.46,332.54,3.8362122
2023-01-30 10:30:00,251.6,326.74,2.693756
2023-01-31 10:30:00,273.3,340.42,5.4903564
2023-02-01 10:30:00,299.81,348.2,6.986023
2023-02-02 10:30:00,241.96,344.78,6.5217285
2023-02-03 10:30:00,233.96,336.8,4.8992615
2023-02-04 10:30:00,237.19,334.1,4.318817
2023-02-05 10:30:00,319.76,335.58,4.282715
2023-02-06 10:30:00,238.5,345.62,6.7085266
2023-02-07 10:30:00,305.93,322.02,1.4405518
2023-02-08 10:30:00,236.23,338.44,5.2323914
2023-02-09 10:30:00,229.62,331.11,3.7190247
2023-02-10 10:30:00,228.83,336.85,4.931183
2023-02-11 10:30:00,223.6,327.31,2.935669
2023-02-12 10:30:00,237.66,344.19,6.4179993
2023-02-13 10:30:00,248.04,350.73,7.71286
2023-02-14 10:30:00,258.66,355.78,8.6901245
2023-02-15 10:30:00,264.75,355.63,8.635468
2023-02-16 10:30:00,241.86,348.02,7.186157
2023-02-17 10:30:00,273.41,369.25,11.301331
2023-02-18 10:30:00,272.58,368.59,11.175476
2023-02-19 10:30:00,287.08,385.66,14.404602
2023-02-20 10:30:00,258.6,364.58,10.442444
2023-02-21 10:30:00,316.92,369.75,11.228943
2023-02-22 10:30:00,348.18,361.01,9.378815
2023-02-23 10:30:00,324.14,331.65,3.432312
2023-02-24 10:30:00,262.39,351.39,7.788574
2023-02-25 10:30:00,289.67,339.15,5.1575623
2023-02-26 10:30:00,229.21,337.42,5.0487976
2023-02-27 10:30:00,284.6,307.98,-1.5667725
2023-02-28 10:30:00,265.12,334.1,4.201111
2023-03-01 10:30:00,225.32,337.68,5.1193542
2023-03-02 10:30:00,298.79,324.75,2.0627441
2023-03-03 10:30:00,247.24,359.04,9.38858
2023-03-04 10:30:00,297.65,347.96,6.945709
2023-03-05 10:30:00,252.55,364.87,10.523499
2023-03-06 10:30:00,303.06,343.11,5.924988
2023-03-07 10:30:00,298.22,371.01,11.548065
2023-03-08 10:30:00,297.71,372.08,11.758423
2023-03-09 10:30:00,294.21,375.33,12.40213
2023-03-10 10:30:00,327.87,374.31,12.074402
2023-03-11 10:30:00,365.43,374.79,12.02179
2023-03-12 10:30:00,364.74,378.62,12.764587
2023-03-13 10:30:00,304.4,400.07,17.029572
2023-03-14 10:30:00,313.94,351.03,7.50589
2023-03-15 10:30:00,336.36,366.05,10.425629
2023-03-16 10:30:00,273.87,377.98,12.990967
2023-03-17 10:30:00,312.52,363.21,9.958221
2023-03-18 10:30:00,303.27,373.3,11.973907
2023-03-19 10:30:00,321.22,372.28,11.705841
2023-03-20 10:30:00,266.14,374.16,12.284454
2023-04-05 10:30:00,254.32,401.61,17.49643
2023-04-06 10:30:00,313.6,397.15,16.45633
2023-04-07 10:30:00,279.76,434.11,23.18924
2023-04-08 10:30:00,278.39,439.76,24.165955
2023-04-09 10:30:00,283.42,446.82,25.35025
2023-04-10 10:30:00,304.28,406.83,18.266785
2023-04-11 10:30:00,348.69,406.02,17.95758
2023-04-12 10:30:00,335.86,410.3,18.781433
2023-04-13 10:30:00,285.74,362.29,9.881989
2023-04-14 10:30:00,348.54,365.85,10.338074
2023-04-15 10:30:00,286.16,375.01,12.371399
2023-04-16 10:30:00,277.5,402.31,17.539734
2023-04-17 10:30:00,278.29,426.05,21.790985
2023-04-18 10:30:00,298.97,441.29,24.357239
2023-04-19 10:30:00,295.77,443.2,24.69394
2023-04-20 10:30:00,309.77,476.33,30.136627
2023-04-21 10:30:00,310.3,456.41,26.869904
2023-04-22 10:30:00,362.09,390.4,15.015686
2023-04-23 10:30:00,343.85,422.75,20.979034
2023-04-24 10:30:00,334.86,394.35,15.857056
2023-04-25 10:30:00,356.98,376.32,12.35083
2023-04-26 10:30:00,372.66,388.96,14.704681
2023-04-27 10:30:00,359.99,422.31,20.844055
2023-04-28 10:30:00,323.51,431.66,22.612701
2023-04-29 10:30:00,382.25,402.58,17.204865
2023-04-30 10:30:00,364.56,377.83,12.613098
2023-05-01 10:30:00,329.83,406.49,18.111969
2023-05-02 10:30:00,295.63,441.3,24.370361
2023-05-03 10:30:00,305.29,459.97,27.477844
2023-05-04 10:30:00,325.59,475.33,29.924103
2023-05-05 10:30:00,331.14,473.05,29.536957
2023-05-06 10:30:00,329.56,470.2,29.078674
2023-05-07 10:30:00,368.47,402.99,17.33081
2023-05-08 10:30:00,342.78,410.07,18.714813
2023-05-09 10:30:00,367.73,378.39,12.708801
2023-05-10 10:30:00,303.52,388.98,14.968933
2023-05-11 10:30:00,322.3,391.07,15.290894
2023-05-12 10:30:00,328.19,385.01,14.12561
2023-05-13 10:30:00,327.14,399.26,16.796387
2023-05-14 10:30:00,346.44,393.14,15.587982
2023-05-15 10:30:00,344.92,393.57,15.674011
2023-05-16 10:30:00,318.1,391.96,15.473328
2023-05-17 10:30:00,282.96,429.22,22.32904
2023-05-18 10:30:00,340.02,402.02,17.257172
2023-05-19 10:30:00,337.27,383.01,13.710693
2023-05-20 10:30:00,323.94,441.96,24.386383
2023-05-21 10:30:00,363.67,406.56,18.001404
2023-05-22 10:30:00,372.57,411.86,18.930664
2023-05-23 10:30:00,354.39,445.42,24.872162
2023-05-24 10:30:00,378.88,418.34,20.071228
2023-05-25 10:30:00,331.83,445.97,25.042206
2023-05-26 10:30:00,322.25,457.88,27.074768
2023-05-27 10:30:00,339.86,488.55,31.993256
2023-05-28 10:30:00,357.27,499.51,33.659943
2023-05-29 10:30:00,342.84,483.67,31.208038
2023-05-30 10:30:00,345.53,485.07,31.422638
2023-05-31 10:30:00,341.85,466.98,28.512207
2023-06-01 10:30:00,376.59,419.97,20.369843
2023-06-02 10:30:00,343.1,470.5,29.083405
2023-06-03 10:30:00,351.64,485.44,31.462097
2023-06-04 10:30:00,351.89,475.12,29.805084
2023-06-05 10:30:00,358.56,480.27,30.613556
2023-06-06 10:30:00,380.38,442.97,24.366089
2023-06-07 10:30:00,353.5,457.94,26.980804
2023-06-08 10:30:00,365.15,468.19,28.634094
2023-06-09 10:30:00,383.78,420.05,20.35849
2023-06-10 10:30:00,371.98,466.34,28.30835
2023-06-11 10:30:00,388.59,462.16,27.564575
2023-06-12 10:30:00,379.8,422.19,20.752625
2023-06-13 10:30:00,370.02,433.15,22.710022
2023-06-14 10:30:00,387.35,424.43,21.122162
2023-06-15 10:30:00,386.74,426.87,21.554169
2023-06-16 10:30:00,351.15,459.17,27.193085
2023-06-17 10:30:00,365.8,476.11,29.920197
2023-06-18 10:30:00,372.25,443.04,24.405823
2023-06-19 10:30:00,383.8,414.87,19.432312
2023-06-20 10:30:00,393.31,433.61,22.709015
2023-06-21 10:30:00,405.5,413.31,19.073456
2023-06-22 10:30:00,393.67,421.54,20.588135
2023-06-23 10:30:00,340.62,440.01,23.995544
2023-06-24 10:30:00,345.86,460.43,27.419647
2023-06-25 10:30:00,362.83,472.05,29.271545
2023-06-26 10:30:00,396.85,428.39,21.785522
2023-06-27 10:30:00,370.73,454.68,26.37912
2023-06-28 10:30:00,349.65,451.84,25.973389
2023-06-29 10:30:00,397.46,429.08,21.904327
2023-06-30 10:30:00,374.98,401.2,16.977692
2023-07-01 10:30:00,385.45,416.96,19.801117
2023-07-02 10:30:00,391.82,413.5,19.157013
2023-07-03 10:30:00,370.03,428.02,21.814697
2023-07-04 10:30:00,407.15,436.09,23.091034
2023-07-05 10:30:00,379.26,435.47,23.080261
2023-07-06 10:30:00,366.82,455.22,26.482574
2023-07-07 10:30:00,370.0,457.43,26.840912
2023-07-08 10:30:00,383.67,462.58,27.6503
2023-07-09 10:30:00,403.96,438.97,23.599182
2023-07-10 10:30:00,390.47,467.32,28.408539
2023-07-11 10:30:00,401.79,474.0,29.461792
2023-07-12 10:30:00,398.33,424.33,21.065704
2023-07-13 10:30:00,385.32,427.85,21.731262
2023-07-14 10:30:00,371.03,469.84,28.884613
2023-07-15 10:30:00,421.07,444.32,24.457642
2023-07-16 10:30:00,350.52,445.29,24.86322
2023-07-17 10:30:00,365.53,459.96,27.27649
2023-07-18 10:30:00,393.28,493.74,32.64383
2023-07-19 10:30:00,389.08,436.64,23.248657
2023-07-20 10:30:00,380.6,459.22,27.103546
2023-07-21 10:30:00,393.48,422.64,20.783905
2023-07-22 10:30:00,350.95,436.71,23.392395
2023-07-23 10:30:00,361.9,454.36,26.355103
2023-07-24 10:30:00,398.93,418.7,20.063904
2023-07-25 10:30:00,367.46,408.29,18.30249
2023-07-26 10:30:00,375.76,432.36,22.552704
2023-07-27 10:30:00,360.51,453.9,26.282715
2023-07-28 10:30:00,386.32,438.24,23.53421
2023-07-29 10:30:00,385.97,468.74,28.655945
2023-07-30 10:30:00,398.35,429.32,21.943237
2023-07-31 10:30:00,340.36,443.93,24.666382
2023-08-01 10:30:00,398.39,440.51,23.883087
2023-08-02 10:30:00,388.41,451.84,25.843018
2023-08-03 10:30:00,356.66,424.97,21.325653
2023-08-04 10:30:00,341.96,424.25,21.25058
2023-08-05 10:30:00,352.29,431.2,22.432465
2023-08-06 10:30:00,357.91,420.7,20.565979
2023-08-07 10:30:00,316.47,435.61,23.321564
2023-08-08 10:30:00,332.74,455.13,26.581451
2023-08-09 10:30:00,345.72,472.05,29.327179
2023-08-29 10:30:00,363.54,419.06,20.254303
2023-08-30 10:30:00,376.61,416.94,19.829163
2023-08-31 10:30:00,335.39,485.65,31.54721
2023-09-01 10:30:00,350.76,495.94,33.12268
2023-09-02 10:30:00,389.76,413.27,19.122986
2023-09-03 10:30:00,386.14,458.23,26.92041
2023-09-04 10:30:00,385.01,495.98,33.021606
2023-09-05 10:30:00,388.86,495.66,32.95935
2023-09-06 10:30:00,377.38,492.13,32.44034
2023-09-07 10:30:00,374.06,507.76,34.885468
2023-09-08 10:30:00,368.0,511.71,35.510284
2023-09-09 10:30:00,365.05,509.82,35.229736
2023-09-10 10:30:00,375.8,525.3,37.54544
2023-09-11 10:30:00,382.17,481.64,30.757568
2023-09-12 10:30:00,394.33,412.92,19.043427
2023-09-13 10:30:00,364.62,434.57,22.975128
2023-09-14 10:30:00,345.98,464.02,28.012299
2023-09-15 10:30:00,357.63,464.05,27.978882
2023-09-16 10:30:00,380.58,435.1,23.011627
2023-09-17 10:30:00,378.86,452.95,26.061737
2023-09-18 10:30:00,341.03,454.79,26.496918
2023-09-19 10:30:00,353.03,471.78,29.259491
2023-09-20 10:30:00,358.98,445.91,24.93982
2023-09-21 10:30:00,371.58,484.41,31.234406
2023-09-22 10:30:00,352.64,399.7,16.783478
2023-09-23 10:30:00,333.37,436.53,23.421997
2023-09-24 10:30:00,310.29,457.33,27.023071
2023-09-25 10:30:00,332.89,485.46,31.524963
2023-09-26 10:30:00,334.39,485.51,31.528137
2023-09-27 10:30:00,341.73,491.77,32.49597
2023-09-28 10:30:00,351.27,488.56,31.95871
2023-09-29 10:30:00,361.05,498.73,33.52655
2023-09-30 10:30:00,362.51,500.86,33.85373
2023-10-01 10:30:00,359.18,495.37,33.006958
2023-10-02 10:30:00,357.46,476.01,29.931
2023-10-03 10:30:00,374.35,456.47,26.66626
2023-10-04 10:30:00,344.15,476.49,30.051514
2023-10-05 10:30:00,341.27,473.61,29.59491
2023-10-06 10:30:00,342.29,487.68,31.847687
2023-10-07 10:30:00,325.45,475.39,29.934265
2023-10-08 10:30:00,342.25,476.32,30.030212
2023-10-09 10:30:00,350.7,489.41,32.095062
2023-10-10 10:30:00,349.19,486.24,31.597168
2023-10-11 10:30:00,350.83,478.83,30.407013
2023-10-12 10:30:00,352.39,475.24,29.822876
2023-10-13 10:30:00,375.9,454.28,26.2948
2023-10-14 10:30:00,378.65,442.86,24.35321
2023-10-15 10:30:00,317.58,424.35,21.354126
2023-10-16 10:30:00,348.04,439.16,23.824188
2023-11-07 10:30:00,283.77,368.07,11.029755
2023-11-08 10:30:00,275.97,378.05,12.996338
2023-11-09 10:30:00,350.84,361.29,9.424072
2023-11-10 10:30:00,346.73,361.13,9.408539
2023-11-11 10:30:00,349.33,368.65,10.886322
2023-11-12 10:30:00,338.45,379.57,13.048248
2023-11-13 10:30:00,305.08,390.91,15.325439
2023-11-14 10:30:00,320.14,400.09,16.97525
2023-11-15 10:30:00,317.19,379.94,13.200745
2023-11-16 10:30:00,360.74,371.4,11.380157
2023-11-17 10:30:00,312.78,374.84,12.235535
2023-11-18 10:30:00,288.12,379.35,13.199127
2023-11-19 10:30:00,300.81,385.33,14.2901
2023-11-20 10:30:00,353.73,377.35,12.562286
2023-11-21 10:30:00,347.68,359.1,8.999023
2023-11-22 10:30:00,331.56,350.66,7.3587646
2023-11-23 10:30:00,296.4,340.66,5.4441833
2023-11-24 10:30:00,330.1,338.0,4.747864
2023-11-25 10:30:00,246.6,353.88,8.356171
2023-11-26 10:30:00,232.68,341.36,5.8540955
2023-11-27 10:30:00,336.22,338.51,4.829071
2023-11-28 10:30:00,310.7,368.05,10.920197
2023-11-29 10:30:00,293.47,357.0,8.795319
2023-11-30 10:30:00,352.3,351.28,7.4005737
2023-12-01 10:30:00,337.29,346.1,6.401001
2023-12-02 10:30:00,235.5,323.61,2.0898743
2023-12-03 10:30:00,232.96,330.39,3.5520935
2023-12-04 10:30:00,276.13,352.93,8.044922
2023-12-05 10:30:00,276.25,352.04,7.8641663
2023-12-06 10:30:00,293.41,342.23,5.7826843
2023-12-07 10:30:00,273.46,337.9,4.9641113
2023-12-08 10:30:00,310.74,352.86,7.890564
2023-12-09 10:30:00,341.09,346.77,6.523224
2023-12-10 10:30:00,292.06,365.96,10.58255
2023-12-11 10:30:00,318.61,375.46,12.332947
2023-12-12 10:30:00,300.0,357.69,8.907562
2023-12-13 10:30:00,326.81,351.02,7.4514465
2023-12-14 10:30:00,314.0,339.57,5.1436462
2023-12-15 10:30:00,341.0,351.24,7.4384766
2023-12-16 10:30:00,255.91,347.42,7.006073
2023-12-17 10:30:00,300.46,320.26,1.0811768
2023-12-18 10:30:00,246.77,329.36,3.2742615
2023-12-19 10:30:00,318.06,329.01,2.8952332
2023-12-20 10:30:00,326.53,346.89,6.607788
2023-12-21 10:30:00,343.94,350.41,7.257263
2023-12-22 10:30:00,357.01,357.82,8.704773
2023-12-23 10:30:00,335.75,352.07,7.6286926
2023-12-24 10:30:00,339.1,354.25,8.05719
2023-12-25 10:30:00,321.6,339.86,5.172455
2023-12-26 10:30:00,273.46,331.11,3.532959
2023-12-27 10:30:00,256.23,332.78,3.9599
2023-12-28 10:30:00,311.81,345.28,6.337036
2023-12-29 10:30:00,321.4,340.84,5.3775635
2023-12-30 10:30:00,304.98,358.93,9.135925
2023-12-31 10:30:00,344.87,343.81,5.8967896
2024-01-01 10:30:00,293.61,350.33,7.446167
2024-01-02 10:30:00,313.68,342.58,5.771179
2024-01-04 10:30:00,290.76,354.36,8.274811
2024-01-05 10:30:00,332.74,341.77,5.5238647
2024-01-06 10:30:00,314.9,334.26,4.024719
2024-01-07 10:30:00,268.71,319.1,0.96655273
2024-01-08 10:30:00,300.8,317.93,0.5699463
2024-01-09 10:30:00,222.33,317.23,0.76049805
2024-01-10 10:30:00,299.14,315.48,0.03817749
2024-01-11 10:30:00,240.8,321.33,1.5735779
2024-01-12 10:30:00,291.43,307.64,-1.6738892
2024-01-13 10:30:00,286.64,307.48,-1.688324
2024-01-14 10:30:00,314.35,341.92,5.6314697
2024-01-15 10:30:00,348.2,357.69,8.714081
2024-01-16 10:30:00,298.27,367.35,10.831543
2024-01-17 10:30:00,339.88,356.71,8.550446
2024-01-18 10:30:00,314.74,351.39,7.575897
2024-01-19 10:30:00,240.5,318.45,0.94781494
2024-01-20 10:30:00,211.93,308.1,-1.2140503
2024-01-21 10:30:00,243.52,318.82,1.0154419
2024-01-22 10:30:00,309.31,336.71,4.564392
2024-01-23 10:30:00,342.21,351.82,7.551605
2024-01-24 10:30:00,346.49,353.61,7.8976746
2024-01-25 10:30:00,317.93,342.64,5.7660217
2024-01-26 10:30:00,342.42,351.1,7.404175
2024-01-27 10:30:00,329.31,342.77,5.745758
2024-01-28 10:30:00,342.01,349.03,6.983124
2024-01-29 10:30:00,287.85,366.95,10.793915
2024-01-30 10:30:00,281.61,365.93,10.617798
2024-01-31 10:30:00,335.75,351.0,7.41098
2024-02-01 10:30:00,309.68,356.33,8.59552
2024-02-02 10:30:00,340.08,354.87,8.178589
2024-02-03 10:30:00,322.35,337.4,4.6545105
2024-02-04 10:30:00,318.64,334.87,4.137726
2024-02-05 10:30:00,312.27,330.49,3.2359009
2024-02-06 10:30:00,318.36,338.08,4.8138123
2024-02-07 10:30:00,251.7,348.37,7.2174377
2024-02-08 10:30:00,292.31,375.84,12.507965
2024-02-09 10:30:00,340.71,362.03,9.611816
2024-02-10 10:30:00,325.27,342.0,5.602722
2024-02-11 10:30:00,277.26,343.22,6.054474
2024-02-12 10:30:00,309.66,355.88,8.505035
2024-02-13 10:30:00,253.65,359.0,9.355011
2024-02-14 10:30:00,274.04,366.73,10.804962
2024-02-15 10:30:00,353.88,361.77,9.507629
2024-02-16 10:30:00,352.5,359.15,8.989716
2024-02-17 10:30:00,274.3,368.42,11.135468
2024-02-18 10:30:00,285.66,355.91,8.607697
2024-02-19 10:30:00,348.66,356.41,8.454681
2024-02-20 10:30:00,264.07,364.54,10.412964
2024-02-21 10:30:00,287.07,358.6,9.141571
2024-02-22 10:30:00,311.96,374.71,12.2135315
2024-02-23 10:30:00,309.42,339.21,5.087616
2024-02-24 10:30:00,298.95,343.43,6.008209
2024-02-25 10:30:00,326.97,327.91,2.6214294
2024-02-26 10:30:00,272.22,365.51,10.5720825
2024-02-27 10:30:00,331.37,332.17,3.5121155
2024-02-28 10:30:00,247.95,349.19,7.3999634
2024-02-29 10:30:00,260.94,370.07,11.510162
2024-03-01 10:30:00,308.06,356.67,8.67041
2024-03-02 10:30:00,309.28,346.22,6.5409546
2024-03-03 10:30:00,278.0,345.24,6.468048
2024-03-04 10:30:00,247.46,352.05,7.9828796
2024-03-05 10:30:00,262.18,356.88,8.89682
2024-03-06 10:30:00,270.93,374.15,12.263977
2024-03-07 10:30:00,259.03,362.37,10.003784
2024-03-08 10:30:00,327.58,341.46,5.4808655
2024-03-09 10:30:00,310.85,361.77,9.678925
2024-03-10 10:30:00,268.75,369.11,11.292175
2024-03-12 10:30:00,294.62,376.07,12.5434265
2024-03-13 10:30:00,270.64,376.48,12.714935
2024-03-14 10:30:00,286.68,386.78,14.617798
2024-03-15 10:30:00,309.36,397.03,16.449799
2024-03-16 10:30:00,311.51,398.53,16.7193
2024-03-17 10:30:00,312.58,409.59,18.737244
2024-03-18 10:30:00,365.2,379.21,12.876343
2024-03-19 10:30:00,312.36,413.44,19.432098
2024-03-20 10:30:00,305.44,388.85,14.937256
2024-03-21 10:30:00,366.15,390.84,15.08313
2024-03-22 10:30:00,312.57,411.27,19.040741
2024-03-23 10:30:00,327.24,374.72,12.1562805
2024-03-24 10:30:00,323.97,371.92,11.6250305
2024-03-25 10:30:00,301.07,363.51,10.063049
2024-03-26 10:30:00,325.17,334.65,4.0637207
2024-03-27 10:30:00,296.18,375.01,12.332642
2024-03-28 10:30:00,295.77,371.64,11.680359
2024-03-29 10:30:00,320.36,388.49,14.813263
2024-03-30 10:30:00,273.95,379.62,13.305084
2024-03-31 10:30:00,293.45,373.95,12.138062
2024-04-01 10:30:00,275.26,393.18,15.861176
2024-04-02 10:30:00,282.06,391.56,15.533325
2024-04-03 10:30:00,346.81,404.48,17.683197
2024-04-04 10:30:00,314.06,417.97,20.23642
2024-04-05 10:30:00,299.63,409.04,18.68457
2024-04-06 10:30:00,317.49,379.98,13.207275
2024-04-07 10:30:00,333.81,392.27,15.472534
2024-04-08 10:30:00,331.62,406.43,18.094513
2024-04-09 10:30:00,320.41,365.19,10.318848
2024-04-10 10:30:00,323.19,367.32,10.727692
2024-04-11 10:30:00,296.11,399.62,16.977203
2024-04-12 10:30:00,304.97,416.32,19.974487
2024-04-13 10:30:00,323.53,431.71,22.621338
2024-04-14 10:30:00,333.71,436.86,23.477722
2024-04-15 10:30:00,360.11,379.02,12.859375
2024-04-16 10:30:00,334.84,364.14,10.054077
2024-04-17 10:30:00,299.39,364.86,10.3367
2024-04-18 10:30:00,320.47,361.84,9.654572
2024-04-19 10:30:00,263.92,390.72,15.444031
2024-04-20 10:30:00,296.89,400.94,17.217224
2024-04-21 10:30:00,260.44,386.37,14.639465
2024-04-22 10:30:00,264.34,369.68,11.420776
2024-04-23 10:30:00,298.14,357.18,8.812714
2024-04-24 10:30:00,330.02,356.91,8.630371
2024-04-25 10:30:00,328.18,380.09,13.187378
2024-04-26 10:30:00,325.25,379.58,13.10083
2024-04-27 10:30:00,347.07,385.05,14.061523
2024-04-28 10:30:00,317.53,384.14,14.000885
2024-04-29 10:30:00,347.14,361.79,9.538452
2024-04-30 10:30:00,353.32,370.57,11.246918
2024-05-01 10:30:00,348.93,356.65,8.501953
2024-05-02 10:30:00,315.89,370.01,11.283813
2024-05-03 10:30:00,291.19,401.97,17.427246
2024-05-04 10:30:00,370.25,403.26,17.37384
2024-05-05 10:30:00,323.68,404.19,17.714752
2024-05-06 10:30:00,351.67,366.75,10.503296
2024-05-07 10:30:00,336.81,373.57,11.896057
2024-05-08 10:30:00,336.91,392.51,15.505829
2024-05-09 10:30:00,307.71,418.93,20.42987
2024-05-10 10:30:00,320.11,426.83,21.781097
2024-05-11 10:30:00,334.38,433.08,22.821625
2024-05-12 10:30:00,375.18,396.58,16.12204
2024-05-13 10:30:00,332.78,422.63,20.996979
2024-05-14 10:30:00,345.97,365.93,10.364014
2024-05-15 10:30:00,343.21,385.86,14.229858
2024-05-16 10:30:00,328.66,391.63,15.371979
2024-05-17 10:30:00,344.16,386.12,14.275543
2024-05-18 10:30:00,337.25,406.91,18.161407
2024-05-19 10:30:00,366.8,388.92,14.719238
2024-05-20 10:30:00,358.02,387.28,14.442657
2024-05-21 10:30:00,319.74,403.99,17.692596
2024-05-22 10:30:00,334.07,403.78,17.601746
2024-05-23 10:30:00,319.98,404.23,17.735596
2024-05-24 10:30:00,334.47,406.57,18.10965
2024-05-25 10:30:00,347.0,416.05,19.775879
2024-05-26 10:30:00,378.61,403.25,17.341309
2024-05-27 10:30:00,359.02,375.04,12.095154
2024-05-28 10:30:00,318.6,415.7,19.81488
2024-05-29 10:30:00,339.06,428.23,21.959991
2024-05-30 10:30:00,382.58,405.4,17.720612
2024-05-31 10:30:00,354.81,389.17,14.811584
2024-06-01 10:30:00,331.79,415.24,19.685303
2024-06-02 10:30:00,352.98,407.02,18.124176
2024-06-03 10:30:00,377.46,407.89,18.19339
2024-06-04 10:30:00,354.45,429.63,22.151001
2024-06-05 10:30:00,355.51,452.7,26.098206
2024-06-06 10:30:00,373.79,452.34,25.976288
2024-06-07 10:30:00,376.56,407.06,18.045563
2024-06-08 10:30:00,365.04,442.21,24.288635
2024-06-09 10:30:00,383.34,391.76,15.191315
2024-06-10 10:30:00,351.1,416.57,19.854248
2024-06-11 10:30:00,356.87,424.34,21.213837
2024-06-12 10:30:00,346.91,411.07,18.880676
2024-06-13 10:30:00,304.31,428.83,22.186432
2024-06-14 10:30:00,369.82,448.0,25.257507
2024-06-15 10:30:00,361.25,391.12,15.154114
2024-06-16 10:30:00,338.02,449.27,25.579681
2024-06-17 10:30:00,391.78,440.86,23.96585
2024-06-18 10:30:00,388.57,420.76,20.467712
2024-06-19 10:30:00,394.61,414.12,19.258606
2024-06-20 10:30:00,375.15,393.45,15.538605
2024-06-21 10:30:00,368.94,409.63,18.540344
2024-06-22 10:30:00,383.92,418.33,20.051453
2024-06-23 10:30:00,356.08,408.88,18.450958
2024-06-24 10:30:00,349.96,459.24,27.208649
2024-06-25 10:30:00,362.76,475.44,29.821686
2024-07-23 10:30:00,356.41,504.17,34.385986
2024-07-24 10:30:00,402.63,491.44,32.25177
2024-07-25 10:30:00,363.15,515.61,36.119995
2024-07-26 10:30:00,364.83,527.27,37.873352
2024-07-27 10:30:00,379.41,526.5,37.714478
2024-07-28 10:30:00,393.6,536.19,39.11374
2024-07-29 10:30:00,388.79,551.77,41.404785
2024-07-30 10:30:00,399.79,544.09,40.2565
2024-07-31 10:30:00,386.34,530.7,38.320984
2024-08-01 10:30:00,411.17,451.24,25.665222
2024-08-02 10:30:00,400.15,461.19,27.365631
2024-08-03 10:30:00,383.76,453.29,26.102386
2024-08-04 10:30:00,355.05,513.78,35.865997
2024-08-05 10:30:00,354.69,525.98,37.710632
2024-08-06 10:30:00,378.49,519.04,36.593933
2024-08-07 10:30:00,367.82,451.06,25.781006
2024-08-08 10:30:00,376.92,499.95,33.667267
2024-08-09 10:30:00,368.03,512.84,35.682922
2024-08-10 10:30:00,369.66,535.95,39.149048
2024-08-11 10:30:00,386.12,528.19,37.947235
2024-08-12 10:30:00,408.55,438.14,23.440338
2024-08-13 10:30:00,386.79,437.65,23.430878
2024-08-14 10:30:00,387.69,396.47,16.055054
2024-08-15 10:30:00,360.45,418.8,20.218964
2024-08-16 10:30:00,386.35,461.6,27.47931
2024-08-17 10:30:00,386.85,464.1,27.890778
2024-08-18 10:30:00,384.57,427.21,21.621521
2024-08-19 10:30:00,323.54,464.76,28.207947
2024-08-20 10:30:00,339.19,480.49,30.71103
2024-08-21 10:30:00,335.68,469.82,28.996735
2024-08-22 10:30:00,349.45,495.42,33.04532
2024-08-23 10:30:00,385.04,437.35,23.385193
2024-08-24 10:30:00,390.13,505.11,34.427063
2024-08-25 10:30:00,374.08,460.35,27.312805
2024-08-26 10:30:00,325.81,483.4,31.2193
2024-08-27 10:30:00,335.57,496.29,33.225006
2024-08-28 10:30:00,359.87,500.15,33.751495
2024-08-29 10:30:00,387.52,490.27,32.114624
2024-08-30 10:30:00,378.16,477.08,30.036957
2024-08-31 10:30:00,389.7,466.1,28.210693
