Site,Date_Satellite,NDVI,Heure_ICOS_Retenue,Heure_GOL_Retenue,Decalage_Temporel (min),LST_Sat_DMS (°C),LST_Sat_TsHARP (°C),LST_Sat_DMS_Fusion (°C),LST_Sat_TsHARP_Fusion (°C),LST_Sat_DL (°C),ICOS_LST (°C),Temperature_GOL (°C),Tsoil_GOL (°C),Tair_GOL (°C),B10s (°C),LST_Sat_Raw_30m (°C),LST_Sat_Raw_100m (°C),Biais_DMS_vs_ICOS (°C),Biais_TsHARP_vs_ICOS (°C),Biais_DMS_Fusion_vs_ICOS (°C),Biais_TsHARP_Fusion_vs_ICOS (°C),Biais_DL_vs_ICOS (°C),Biais_DMS_vs_GOL (°C),Biais_TsHARP_vs_GOL (°C),Biais_DMS_Fusion_vs_GOL (°C),Biais_TsHARP_Fusion_vs_GOL (°C),Biais_DL_vs_GOL (°C),Ground_LST (°C),Erreur_DMS,Erreur_TsHARP,Erreur_DMS_Fusion,Erreur_TsHARP_Fusion,Erreur_Raw_B10_(30m),Erreur_Raw_B10_(100m)
Estrees-Mons,2024-08-26 10:40:00,0.674,10:30,,-10.0,30.3,30.62,,,,20.39,,,,29.92,29.92,30.07,9.91,10.23,,,,,,,,,20.39,9.91,10.23,,,9.530000000000001,9.68
Lamasquere,2023-07-08 10:35:00,0.735,10:30,,-5.0,38.38,38.95,,,,27.76,,,,37.88,37.88,37.87,10.62,11.19,,,,,,,,,27.76,10.620000000000001,11.190000000000001,,,10.120000000000001,10.109999999999996
Gebesee,2023-06-10 10:08:00,0.558,10:00,,-8.0,37.32,38.49,,,,44.72,,,,36.64,36.64,36.59,7.39,6.22,,,,,,,,,44.72,-7.399999999999999,-6.229999999999997,,,-8.079999999999998,-8.129999999999995
Gebesee,2023-06-18 10:08:00,0.696,10:00,,-8.0,31.79,32.17,,,,45.47,,,,30.68,30.68,30.63,13.68,13.29,,,,,,,,,45.47,-13.68,-13.299999999999997,,,-14.79,-14.84
Gebesee,2023-06-26 10:09:00,0.793,10:00,,-9.0,28.6,28.07,,,,39.42,,,,27.22,27.22,27.18,10.82,11.34,,,,,,,,,39.42,-10.82,-11.350000000000001,,,-12.200000000000003,-12.240000000000002
Gebesee,2023-07-04 10:09:00,0.792,10:00,,-9.0,25.21,23.86,,,,32.31,,,,23.42,23.42,23.41,7.11,8.46,,,,,,,,,32.31,-7.100000000000001,-8.450000000000003,,,-8.89,-8.900000000000002
Estrees-Mons,2023-08-25 10:34:00,-0.008,10:30,,-4.0,5.28,5.35,,,,19.8,,,,5.3,5.3,5.31,14.52,14.45,,,,,,,,,19.8,-14.52,-14.450000000000001,,,-14.5,-14.490000000000002
Selhausen,2023-07-09 10:27:00,0.372,10:30,,3.0,31.54,31.51,,,,39.03,,,,31.51,31.51,31.49,7.49,7.52,,,,,,,,,39.03,-7.490000000000002,-7.52,,,-7.52,-7.540000000000003
Lamasquere,2023-09-10 10:36:00,0.212,10:30,,-6.0,48.71,48.16,,,,38.66,,,,48.62,48.62,48.59,10.04,9.5,,,,,,,,,38.66,10.050000000000004,9.5,,,9.96,9.930000000000007
