Site,Date,Source_Meteo,Ta (°C),u (m/s),Rn (W/m²),T_s_max (°C),T_c_max (°C),LST_pixel (°C),Ts_pixel (°C),Tc_pixel (°C),fc_pixel,LE_pixel (W/m²),ET_pixel (mm/h),EF_pixel,ET_moy_carte (mm/h),LE_moy_carte (W/m²),LST_ICOS (°C),LE_pure_ICOS (W/m²),ET_pure_ICOS (mm/h)
Gebesee,2022-02-07,ICOS,4.25,7.32,71.6,5.4,4.68,5.130000114440918,5.59,4.87,0.6370000243186951,0.0,0.0,0.0,0.0092,6.2,3.3283997,60.22276052236556,0.08849058689000654
Gebesee,2022-02-23,ICOS,7.77,5.97,222.7,12.26,9.65,8.970000267028809,9.68,8.57,0.6370000243186951,136.64,0.2008,0.536,0.1466,99.8,9.751648,56.03177848224586,0.08233240919840208
Gebesee,2022-03-11,ICOS,5.65,6.25,239.9,11.14,7.88,11.34000015258789,13.51,10.25,0.6660000085830688,0.0,0.0,0.0,0.0041,2.8,14.483795,0.0,0.0
Gebesee,2022-04-28,ICOS,14.88,1.57,367.7,31.23,23.38,22.40999984741211,27.51,21.45,0.8420000076293945,85.94,0.1263,0.224,0.0681,46.3,28.754395,0.0,0.0
Gebesee,2022-05-06,ICOS,16.8,1.88,451.7,32.85,25.07,20.84000015258789,24.09,20.55,0.9179999828338624,236.18,0.347,0.545,0.2131,145.0,23.852448,87.06931288521292,0.1279385821986802
Gebesee,2022-05-14,ICOS,18.01,3.45,445.6,31.1,24.04,22.71999931335449,26.85,22.08,0.8659999966621399,144.1,0.2117,0.316,0.0689,46.9,27.693787,0.0,0.0
Gebesee,2022-05-22,ICOS,17.72,2.85,433.3,30.75,23.77,20.420000076293945,22.88,20.12,0.8889999985694885,235.04,0.3454,0.585,0.1951,132.8,20.764435,220.01824717781406,0.32329211830209414
Gebesee,2022-06-15,ICOS,23.5,1.13,488.7,41.21,32.28,26.57999992370605,29.05,26.25,0.8830000162124634,301.35,0.4428,0.673,0.4371,297.5,27.314789,273.50658941958517,0.4018872334328598
Gebesee,2022-07-25,ICOS,33.46,5.19,391.4,42.01,37.29,33.939998626708984,33.98,33.69,0.1389999985694885,293.82,0.4317,0.745,0.1595,108.5,39.492157,66.63316352909234,0.09790995457336017
Gebesee,2022-08-02,ICOS,23.99,1.79,315.5,39.01,32.0,38.52000045776367,39.04,32.03,0.0740000009536743,0.0,0.0,0.0,0.0372,25.3,39.60254,0.0,0.0
Gebesee,2022-08-10,ICOS,25.5,4.25,290.7,35.13,30.01,38.59999847412109,39.04,33.91,0.0850000008940696,0.0,0.0,0.0,0.0029,2.0,40.074738,0.0,0.0
Gebesee,2022-09-03,ICOS,22.51,5.09,237.2,29.58,25.63,31.81999969482422,32.19,28.24,0.0930000022053718,0.0,0.0,0.0,0.016,10.9,33.49997,0.0,0.0
Gebesee,2022-10-05,ICOS,17.2,6.67,265.2,22.05,19.38,20.290000915527344,20.87,18.85,0.2899999916553497,52.84,0.0776,0.208,0.0581,39.6,20.709564,28.064775194586367,0.0412380370206167
Gebesee,2022-11-06,ICOS,9.93,1.17,198.7,20.31,14.28,13.579999923706056,14.97,12.04,0.4740000069141388,89.7,0.1318,0.444,0.1647,112.1,12.900513,97.45890125385496,0.14320491612811342
Selhausen,2022-01-28,ICOS,5.96,2.45,230.7,11.69,9.67,7.0,7.07,6.68,0.1809999942779541,141.43,0.2078,0.689,0.2353,160.1,6.6258545,148.10607895672243,0.217625258875184
Selhausen,2022-02-28,ICOS,6.26,4.39,388.0,15.3,10.34,6.519999980926514,6.54,6.39,0.1030000001192092,281.13,0.4131,0.716,0.3172,215.8,6.164917,276.37046001225707,0.40609536981392874
Selhausen,2022-03-08,ICOS,6.48,6.55,385.6,13.58,9.65,7.690000057220459,7.73,7.04,0.0590000003576278,226.45,0.3327,0.584,0.2837,193.1,7.4618835,231.54147318321378,0.34022420549370186
Selhausen,2022-04-17,ICOS,14.19,5.36,555.9,26.22,19.44,21.299999237060547,21.61,17.43,0.0740000009536743,140.96,0.2071,0.328,0.1742,118.5,18.24585,253.8883749308078,0.3730604692860849
Selhausen,2022-04-18,ICOS,15.96,3.68,552.7,30.37,23.0,24.11000061035156,24.38,20.07,0.0610000006854534,146.91,0.2159,0.364,0.2686,182.8,20.996704,247.7177493346703,0.3639934275938012
Selhausen,2022-05-03,ICOS,16.1,2.93,533.2,31.59,23.77,29.770000457763672,30.34,23.16,0.0799999982118606,27.81,0.0409,0.063,0.2512,171.0,24.74112,157.6484887814994,0.23164675902587667
Selhausen,2022-05-11,ICOS,23.36,3.52,593.2,39.04,30.8,38.5,38.98,30.77,0.0579999983310699,1.52,0.0022,0.003,0.2476,168.5,32.130188,175.77795492935186,0.258285974590068
Selhausen,2022-05-12,ICOS,18.8,2.92,584.6,35.6,26.83,32.150001525878906,32.39,25.29,0.0340000018477439,69.86,0.1027,0.156,0.4656,316.9,28.97055,155.662330404323,0.22872832222676032
Selhausen,2022-06-04,ICOS,20.94,2.01,573.8,39.24,30.59,27.309999465942383,28.28,24.81,0.277999997138977,246.63,0.3624,0.526,0.4164,283.4,28.08966,239.51698849424508,0.35194333003236017
Selhausen,2022-06-12,ICOS,21.36,1.84,675.7,42.02,32.64,27.959999084472656,30.97,26.61,0.6890000104904175,295.22,0.4338,0.508,0.403,274.2,26.69397,361.38625984716583,0.5310165450815498
Selhausen,2022-06-28,ICOS,22.16,1.98,652.1,43.06,33.02,27.82999992370605,32.06,27.3,0.8899999856948853,290.33,0.4266,0.52,0.3659,249.0,26.262878,392.9155769170438,0.5773453375107582
Selhausen,2022-07-23,ICOS,21.95,1.57,610.7,42.5,32.82,27.3700008392334,32.0,27.27,0.977999985218048,268.01,0.3938,0.508,0.2242,152.6,25.077576,413.55109377107425,0.6076669132962724
Selhausen,2022-07-30,ICOS,21.99,2.06,594.3,40.11,32.19,29.700000762939453,35.49,29.59,0.9829999804496764,128.53,0.1889,0.254,0.1002,68.2,26.019745,342.5895299788177,0.5033968603770382
Selhausen,2022-08-07,ICOS,23.13,2.18,583.1,40.6,32.75,28.649999618530277,33.08,28.61,0.9900000095367432,215.09,0.3161,0.429,0.1242,84.5,25.508759,416.7582107940024,0.6123794117789424
Selhausen,2022-08-16,ICOS,27.23,1.33,510.7,45.18,37.0,28.3700008392334,29.32,28.37,1.0,417.59,0.6136,0.883,0.3891,264.8,29.448822,374.9812972743091,0.550992926607148
Selhausen,2022-09-01,ICOS,23.23,2.97,528.9,37.24,30.62,26.93000030517578,29.93,26.77,0.9490000009536744,239.41,0.3518,0.515,0.1654,112.6,24.85553,390.372000898276,0.5736078380546097
Selhausen,2023-02-07,ICOS,1.09,4.26,245.0,7.94,4.25,1.309999942779541,1.51,1.29,0.9039999842643738,239.54,0.352,0.901,0.2461,167.5,2.0986023,160.91883193151105,0.2364521612054856
Selhausen,2023-02-08,ICOS,1.74,3.44,249.3,9.27,5.46,1.3700000047683716,1.37,1.37,0.9110000133514404,268.88,0.3951,1.0,0.2914,198.3,2.447052,190.08391461579598,0.27930697657831244
Selhausen,2023-04-04,ICOS,5.96,3.29,523.5,21.33,13.4,10.449999809265137,14.66,10.17,0.9380000233650208,229.42,0.3371,0.43,0.21,142.9,9.223877,286.9455436287079,0.42163426818912186
Selhausen,2023-04-05,ICOS,7.99,1.38,511.3,27.42,18.06,13.239999771118164,17.66,13.0,0.9480000138282776,256.5,0.3769,0.499,0.2814,191.5,11.590332,314.8207985405693,0.462593826426959
Selhausen,2023-04-28,ICOS,14.86,1.62,196.1,21.29,18.87,11.359999656677246,11.36,11.36,0.4720000028610229,208.77,0.3068,1.0,0.2444,166.3,15.461273,140.79303972698526,0.20687956857842732
Selhausen,2023-05-14,ICOS,17.63,2.38,595.2,35.7,27.31,19.440000534057617,20.94,19.4,0.9729999899864196,490.82,0.7212,0.811,0.4606,313.5,20.029144,424.8492993036739,0.6242683581605004
Selhausen,2023-05-30,ICOS,16.36,2.55,630.5,34.68,25.87,15.220000267028809,15.22,15.22,0.9559999704360962,626.09,0.92,1.0,0.6361,432.9,19.623932,395.8737198700989,0.5816919965438189
Selhausen,2023-05-31,ICOS,21.97,2.22,638.4,40.82,32.03,25.07999992370605,27.61,24.98,0.962000012397766,415.45,0.6105,0.694,0.3411,232.1,24.595367,447.85311951827,0.6580698899043967
Selhausen,2023-06-15,ICOS,23.95,2.29,651.7,42.22,33.98,28.690000534057617,32.21,28.48,0.9449999928474426,317.07,0.4659,0.541,0.2242,152.6,26.758423,445.38330857068934,0.6544407799406048
Selhausen,2023-06-16,ICOS,24.41,1.47,643.9,45.48,35.52,28.850000381469727,32.5,28.68,0.9539999961853028,355.47,0.5223,0.61,0.2726,185.5,27.621155,435.4852371989578,0.6398966750678563
Selhausen,2023-06-23,ICOS,22.43,2.71,658.4,40.18,31.83,25.68000030517578,28.02,25.39,0.8899999856948853,403.25,0.5925,0.665,0.3843,261.5,25.209686,441.1086940258174,0.6481597136705888
Selhausen,2023-07-09,ICOS,35.3,2.62,617.2,51.77,44.45,31.530000686645508,31.53,31.53,0.3330000042915344,578.5,0.85,1.0,0.5846,397.9,38.901276,354.7665116534032,0.5212895681437761
Selhausen,2023-09-11,ICOS,29.38,2.16,457.1,44.55,37.33,39.310001373291016,39.79,34.84,0.0979999974370002,96.99,0.1425,0.272,0.3304,224.8,34.954346,199.72368284652603,0.2934715339785689
Selhausen,2023-10-06,ICOS,18.66,1.83,361.2,32.2,25.6,21.3700008392334,22.05,20.39,0.4120000004768371,218.78,0.3215,0.615,0.3212,218.6,20.447418,239.4736278165098,0.351879616383443
Selhausen,2023-10-13,ICOS,24.48,4.88,336.3,32.14,27.58,20.559999465942383,20.56,20.56,0.6819999814033508,326.39,0.4796,1.0,0.4834,329.0,24.091583,287.4019781237841,0.42230494744719294
Lonzee,2022-02-11,ICOS,4.66,4.07,208.1,9.85,7.16,6.119999885559082,6.37,5.48,0.2809999883174896,110.59,0.1625,0.611,0.1685,114.7,5.907593,113.57679802849125,0.16688835628676266
Lonzee,2022-02-12,ICOS,2.68,4.31,235.9,9.06,5.2,1.9800000190734863,1.98,1.98,0.3140000104904175,225.38,0.3312,0.971,0.3094,210.6,1.8388367,181.22073965579273,0.26628353582075664
Lonzee,2022-03-08,ICOS,5.59,4.07,312.4,13.93,9.73,6.25,6.45,6.02,0.4620000123977661,264.87,0.3892,0.792,0.3159,215.0,6.8118286,204.08258672102073,0.29987645395741824
Lonzee,2022-03-23,ICOS,14.87,1.96,346.3,27.48,22.25,18.950000762939453,20.19,17.99,0.5640000104904175,176.95,0.26,0.573,0.2138,145.5,18.71759,170.6985699211774,0.2508223884556076
Lonzee,2022-03-24,ICOS,15.77,2.03,347.7,27.96,23.02,18.950000762939453,19.92,18.24,0.5789999961853027,202.39,0.2974,0.657,0.2375,161.6,18.919373,189.72234344606116,0.2787756883289062
Lonzee,2022-04-09,ICOS,7.67,4.13,434.3,18.18,12.26,12.84000015258789,16.8,11.66,0.7710000276565552,48.5,0.0713,0.127,0.1391,94.7,11.374268,144.28917325579624,0.21201674437586387
Lonzee,2022-04-17,ICOS,14.51,2.79,514.4,29.24,22.29,18.790000915527344,21.82,18.37,0.8799999952316284,244.7,0.3596,0.494,0.1855,126.2,17.96228,281.7323585324241,0.41397407784356194
Lonzee,2022-04-24,ICOS,14.45,4.3,508.8,26.59,20.11,18.26000022888184,22.03,17.99,0.9340000152587892,182.2,0.2677,0.371,0.0783,53.3,17.483643,237.43564155904042,0.34888502433165125
Lonzee,2022-05-03,ICOS,14.39,2.98,547.5,29.78,22.09,19.530000686645508,24.47,19.44,0.9810000061988832,177.05,0.2602,0.343,0.0802,54.6,17.449402,315.4108691788452,0.4634608689974868
Lonzee,2022-05-18,ICOS,22.59,1.01,613.2,43.07,31.45,27.920000076293945,34.91,27.92,1.0,225.05,0.3307,0.398,0.1011,68.8,24.538391,454.43439129345376,0.6677403300638505
Lonzee,2022-06-11,ICOS,19.02,1.62,620.5,40.25,29.82,24.51000022888184,29.76,24.49,0.9950000047683716,277.19,0.4073,0.493,0.2878,195.8,22.276459,411.9368291799797,0.6052949326726232
Lonzee,2022-07-13,ICOS,28.67,2.8,618.1,44.75,36.73,36.75,38.5,33.6,0.3569999933242798,175.3,0.2576,0.372,0.1522,103.6,32.43918,344.4532163402342,0.5061353382958543
Lonzee,2022-07-29,ICOS,23.38,2.2,451.3,39.11,31.63,40.04999923706055,40.82,33.34,0.1030000001192092,0.0,0.0,0.0,0.0443,30.2,33.56595,102.57779137192664,0.1507265505873208
Lonzee,2022-08-06,ICOS,18.57,3.2,420.0,30.84,24.37,32.369998931884766,33.07,26.6,0.1070000007748603,0.0,0.0,0.0,0.0372,25.3,27.154388,77.46147636921691,0.11382094486905342
Lonzee,2022-08-14,ICOS,29.53,3.1,369.9,41.05,35.1,33.029998779296875,33.19,31.3,0.0839999988675117,180.22,0.2648,0.683,0.2743,186.7,37.357635,75.7903129388348,0.11136535778767562
Lonzee,2022-10-01,ICOS,16.16,6.76,357.5,22.32,18.67,18.75,18.79,17.23,0.0299999993294477,143.04,0.2102,0.504,0.199,135.4,16.856567,219.20962136927733,0.32210393344057076
Lonzee,2022-11-02,ICOS,12.41,4.8,208.1,17.51,14.52,12.989999771118164,13.22,12.74,0.4900000095367431,151.35,0.2224,0.733,0.1721,117.1,13.721954,108.36683670419569,0.15923290291228753
Lonzee,2022-11-10,ICOS,12.19,4.51,190.7,17.54,14.23,11.84000015258789,11.84,11.84,0.6800000071525574,190.53,0.28,1.0,0.2439,166.0,12.63501,139.47326558933293,0.20494030862106064
Lonzee,2022-12-12,ICOS,-2.34,2.43,205.3,5.1,0.8,-0.7900000214576721,-0.79,-1.68,0.0040000001899898,124.96,0.1836,0.791,0.2048,139.4,-1.3573914,122.20305522190019,0.17956367297911865
Lonzee,2023-02-07,ICOS,0.73,2.05,276.9,10.92,5.37,3.109999895095825,3.14,1.83,0.0189999993890523,146.95,0.2159,0.527,0.2171,147.8,2.3692017,160.0129444909342,0.23512106129280125
Lonzee,2023-02-14,ICOS,7.59,2.65,253.8,15.99,11.28,9.449999809265137,9.49,8.42,0.0340000018477439,138.95,0.2042,0.624,0.224,152.5,8.787018,150.55162894854357,0.22121872008765586
Lonzee,2023-04-03,ICOS,7.02,5.43,527.8,18.33,11.52,11.479999542236328,11.49,8.8,0.0040000001899898,219.4,0.3224,0.503,0.2373,161.5,10.699463,244.01587986328312,0.35855394592155887
Lonzee,2023-04-04,ICOS,5.73,4.88,527.3,17.66,10.67,10.649999618530272,10.65,7.77,0.0010000000474974,211.75,0.3111,0.483,0.1965,133.7,9.726776,240.21344042102328,0.3529666879655852
Lonzee,2023-06-06,ICOS,18.82,2.71,521.3,35.29,27.1,34.939998626708984,36.58,28.4,0.2010000050067901,0.0,0.0,0.0,0.1849,125.9,33.900604,0.0,0.0
Lonzee,2023-06-07,ICOS,21.35,3.44,528.8,35.71,28.41,37.34999847412109,39.07,31.77,0.2360000014305114,0.0,0.0,0.0,0.0915,62.3,34.379578,0.0,0.0
Lonzee,2023-06-14,ICOS,23.7,4.1,585.7,37.03,30.16,29.559999465942383,31.95,27.7,0.5630000233650208,178.2,0.2618,0.359,0.126,85.8,29.403748,190.51197351800235,0.27993596108767693
Lonzee,2023-07-08,ICOS,28.66,1.39,569.1,48.21,38.97,30.299999237060547,31.55,30.19,0.9179999828338624,443.37,0.6515,0.845,0.4112,279.8,30.237946,451.56006273131453,0.6635168268705031
Lonzee,2023-09-10,ICOS,29.0,2.31,380.6,42.16,35.67,35.310001373291016,35.43,32.26,0.0390000008046627,132.15,0.1942,0.444,0.2587,176.0,31.246155,218.58905553490573,0.32119208160231044
Voulundgaard,2022-02-28,ICOS,5.52,3.86,250.7,12.6,8.76,5.510000228881836,5.51,5.51,0.1959999948740005,209.82,0.3083,0.731,0.3223,219.4,5.2706604,184.75085765945164,0.2714706479893983
Voulundgaard,2022-03-08,ICOS,4.57,2.52,265.6,14.69,9.78,10.359999656677246,10.63,7.69,0.0939999967813491,95.9,0.1409,0.308,0.2097,142.7,8.842285,105.14870753419073,0.15450422331554556
Voulundgaard,2022-03-24,ICOS,13.57,2.04,348.4,26.21,20.29,23.61000061035156,24.54,19.4,0.181999996304512,32.63,0.048,0.101,0.2192,149.2,17.045837,178.6639534085844,0.26252662541669547
Voulundgaard,2022-04-17,ICOS,14.36,2.27,454.3,30.37,22.65,28.68000030517578,30.79,23.07,0.2730000019073486,0.0,0.0,0.0,0.2023,137.7,24.635468,89.76141119555267,0.13189431849142433
Voulundgaard,2022-04-18,ICOS,14.82,3.33,460.0,28.42,21.34,28.57999992370605,30.19,23.11,0.2280000001192093,0.0,0.0,0.0,0.1479,100.6,24.470276,66.81441828550948,0.09817628809299352
Voulundgaard,2022-05-12,ICOS,14.33,6.0,596.2,25.82,19.26,26.520000457763672,27.6,21.05,0.1650000065565109,0.0,0.0,0.0,0.1764,120.1,22.490265,93.81512427931712,0.13785079485940474
Voulundgaard,2022-05-20,ICOS,16.64,3.29,513.0,30.76,23.55,31.5,32.65,25.44,0.1589999943971634,0.0,0.0,0.0,0.3789,257.9,29.36319,7.200135262598151,0.01057979058994014
Voulundgaard,2022-06-04,ICOS,15.42,1.62,369.3,30.33,22.8,35.470001220703125,37.85,30.32,0.3160000145435333,0.0,0.0,0.0,0.0832,56.6,25.118774,64.1569896450413,0.09427149498863212
Voulundgaard,2022-06-05,ICOS,18.87,2.22,555.2,38.91,28.8,34.060001373291016,36.56,27.64,0.2809999883174896,48.05,0.0706,0.114,0.377,256.5,32.997772,75.2968051587144,0.11064020349851912
Voulundgaard,2022-06-20,ICOS,15.16,1.85,568.1,34.8,24.62,22.030000686645508,26.83,20.78,0.7940000295639038,188.01,0.2763,0.381,0.4015,273.2,19.902802,297.5139146668851,0.4371633031839945
Voulundgaard,2022-08-31,ICOS,19.66,3.02,394.2,31.96,25.5,24.11000061035156,25.23,22.31,0.382999986410141,217.75,0.32,0.444,0.2735,186.1,27.11557,74.78903807517632,0.1098940967635244
Voulundgaard,2022-09-17,ICOS,16.12,4.15,257.8,22.88,18.9,17.950000762939453,18.58,17.13,0.4359999895095825,160.09,0.2352,0.528,0.1136,77.3,18.421722,111.84109433226467,0.16433793452904197
Voulundgaard,2022-10-02,ICOS,14.98,4.84,207.7,19.8,16.99,18.31999969482422,19.7,16.94,0.5019999742507935,3.46,0.0051,0.02,0.1156,78.7,15.86322,123.20760804691585,0.18103975059954983
Voulundgaard,2022-10-03,ICOS,15.56,5.95,300.6,22.22,18.09,18.270000457763672,19.62,17.1,0.5350000262260437,99.84,0.1467,0.352,0.2519,171.4,16.805664,175.44342786125287,0.25779442461245317
Voulundgaard,2022-10-10,ICOS,13.22,4.47,210.3,18.83,15.45,13.199999809265137,13.2,13.2,0.5830000042915344,201.0,0.2954,0.899,0.2778,189.0,14.049805,133.9234478479886,0.19678547438888122
Voulundgaard,2022-10-11,ICOS,13.01,4.93,289.0,20.03,15.82,15.390000343322754,17.03,14.62,0.6790000200271606,107.79,0.1584,0.393,0.3216,218.8,14.075348,183.55755608003554,0.2697172252604604
Voulundgaard,2022-10-19,ICOS,11.08,2.67,212.0,19.51,14.76,13.920000076293944,16.03,13.24,0.7549999952316284,81.02,0.119,0.377,0.2324,158.1,12.928162,114.9180225406762,0.16885913516180995
Voulundgaard,2023-03-03,ICOS,4.29,1.74,182.4,9.97,9.02,8.8100004196167,8.92,8.14,0.1480000019073486,27.28,0.0401,0.16,0.1173,79.8,7.557617,54.1750682162822,0.07960418186882283
Voulundgaard,2023-04-20,ICOS,14.86,6.06,427.6,24.41,18.82,26.780000686645508,27.78,22.19,0.1780000030994415,0.0,0.0,0.0,0.1116,75.9,22.745422,24.502975264829555,0.036004371817708734
Voulundgaard,2023-04-21,ICOS,16.41,5.19,434.8,27.13,21.04,29.899999618530277,30.96,24.87,0.1739999949932098,0.0,0.0,0.0,0.1242,84.5,25.714813,11.699100479271683,0.01719051498995023
Voulundgaard,2023-05-30,ICOS,18.73,2.68,508.8,36.06,27.13,26.86000061035156,34.62,26.43,0.9470000267028807,38.1,0.056,0.082,0.1132,77.0,27.49231,5.944284703515253,0.008734459156185677
Voulundgaard,2023-05-31,ICOS,15.56,5.55,551.3,28.19,20.71,20.059999465942383,26.38,19.97,0.9860000014305116,72.36,0.1063,0.144,0.1636,111.3,23.033264,0.0,0.0
Voulundgaard,2023-06-07,ICOS,18.29,1.01,539.4,39.35,26.99,25.1200008392334,34.69,25.07,0.9950000047683716,105.14,0.1545,0.221,0.1862,126.8,25.3479,99.49449069086678,0.14619598632127365
Voulundgaard,2023-06-08,ICOS,19.7,2.77,539.0,37.35,28.06,26.450000762939453,33.59,26.28,0.9769999980926514,101.07,0.1485,0.212,0.1505,102.4,27.290802,58.274015992304705,0.08562712553971304
Voulundgaard,2023-07-09,ICOS,24.99,3.41,567.9,40.75,32.17,26.40999984741211,27.4,26.09,0.7519999742507935,432.3,0.6352,0.788,0.4485,305.2,28.238892,323.6875081390667,0.47562246093903676
Voulundgaard,2023-09-04,ICOS,22.58,3.9,425.5,33.76,27.6,29.670000076293945,29.95,25.89,0.0689999982714653,99.92,0.1468,0.25,0.3017,205.3,27.197662,170.76518417121736,0.25092027061893163
Voulundgaard,2023-10-14,ICOS,8.56,5.58,126.8,11.95,9.74,11.239999771118164,12.44,10.24,0.5450000166893005,0.0,0.0,0.0,0.0803,54.6,9.207184,72.60653922757973,0.10668715968134164
Klingenberg,2022-03-12,ICOS,4.46,2.35,384.2,18.2,11.08,8.210000038146973,9.34,6.81,0.4460000097751617,219.27,0.3222,0.542,0.3311,225.4,10.977692,118.20557999413657,0.17368983182811906
Klingenberg,2022-03-20,ICOS,6.09,7.95,430.4,13.26,8.77,8.760000228881836,9.51,7.37,0.3499999940395355,182.85,0.2687,0.523,0.1839,125.2,9.245941,146.0446541505645,0.2145962265069519
Klingenberg,2022-04-22,ICOS,10.18,3.8,530.0,24.67,16.69,20.770000457763672,21.37,15.21,0.0970000028610229,85.15,0.1251,0.208,0.1208,82.2,20.937317,81.25110774967193,0.11938938281584448
Klingenberg,2022-05-07,ICOS,16.71,0.66,511.9,32.92,18.69,34.08000183105469,38.03,23.8,0.2770000100135803,0.0,0.0,0.0,0.034,23.1,33.946777,0.0,0.0
Klingenberg,2022-06-17,ICOS,18.82,1.71,573.4,39.11,29.21,25.940000534057617,28.51,23.78,0.5429999828338623,255.31,0.3751,0.496,0.5182,352.7,28.592255,160.70441831650842,0.2361371044650736
Klingenberg,2022-07-19,ICOS,29.34,1.3,538.0,49.04,39.6,38.27999877929688,40.3,35.05,0.3849999904632568,188.76,0.2774,0.428,0.2988,203.3,36.04138,246.80017461205205,0.36264515453199486
Klingenberg,2022-08-03,ICOS,27.65,2.06,537.1,45.17,37.23,38.369998931884766,40.52,34.68,0.3689999878406524,108.98,0.1601,0.248,0.1285,87.5,34.558533,221.3554775732236,0.32525702827085917
Klingenberg,2022-11-15,ICOS,11.89,3.43,175.0,17.74,14.12,11.449999809265137,11.45,11.45,0.5889999866485596,171.66,0.2522,1.0,0.2433,165.5,11.853027,144.67249929904938,0.21257999897003174
Klingenberg,2022-12-25,ICOS,6.65,3.99,114.9,9.97,7.73,5.760000228881836,5.76,5.76,0.4959999918937683,107.52,0.158,1.0,0.1601,108.9,6.349182,93.80895575317741,0.13784173090262805
Klingenberg,2023-05-19,ICOS,13.28,3.06,603.8,28.5,21.49,15.729999542236328,17.04,15.31,0.7570000290870667,419.46,0.6163,0.713,0.4399,299.4,20.282043,155.53144132067226,0.2285359954099674
Klingenberg,2023-05-27,ICOS,13.15,2.51,579.2,31.97,21.89,22.34000015258789,28.71,20.38,0.7639999985694885,89.6,0.1317,0.164,0.1869,127.2,19.866455,201.62628866335965,0.2962671996686101
Klingenberg,2023-06-03,ICOS,14.96,3.4,589.9,31.72,22.39,24.21999931335449,31.23,22.18,0.7749999761581421,15.45,0.0227,0.027,0.1375,93.6,21.625732,156.43514422520238,0.22986388539213412
Klingenberg,2023-06-11,ICOS,20.78,3.95,602.6,35.92,27.6,26.030000686645508,30.16,25.01,0.8019999861717224,207.64,0.3051,0.362,0.2627,178.8,23.833557,343.13596746658004,0.5041997889304849
Klingenberg,2023-08-14,ICOS,26.73,3.06,499.3,41.05,33.42,32.38999938964844,33.17,29.74,0.2290000021457672,207.54,0.305,0.55,0.3213,218.7,32.193848,210.5177352716823,0.30933218244002303
Klingenberg,2023-08-15,ICOS,28.56,2.81,453.1,42.56,35.38,38.380001068115234,39.37,33.83,0.1790000051259994,74.69,0.1097,0.228,0.2774,188.8,33.664825,198.6261341038957,0.2918588092955202
Klingenberg,2023-09-07,ICOS,24.4,2.89,448.5,38.66,31.1,32.0099983215332,32.5,28.21,0.1129999980330467,142.94,0.21,0.392,0.3249,221.1,33.635956,99.73702567014581,0.14655236425001017
Klingenberg,2023-09-15,ICOS,16.8,4.46,463.8,27.19,21.47,24.020000457763672,25.27,20.61,0.2689999938011169,64.3,0.0945,0.167,0.0558,38.0,23.170166,98.3245377741356,0.14447687183138294
Klingenberg,2023-09-16,ICOS,19.5,3.32,425.0,32.19,25.28,28.770000457763672,30.49,24.51,0.289000004529953,42.61,0.0626,0.128,0.0981,66.7,27.492737,81.73630663434801,0.12010232811577667
Klingenberg,2023-10-01,ICOS,15.7,4.75,350.7,24.44,19.3,21.489999771118164,25.48,20.34,0.7770000100135803,0.0,0.0,0.0,0.0456,31.0,19.88205,36.81355351578631,0.054093384757890085
Estrees-Mons,2022-02-11,ICOS,3.52,1.96,243.0,12.86,8.16,7.869999885559082,8.05,5.77,0.0790000036358833,89.01,0.1308,0.558,0.1227,83.5,6.664612,111.39595459429248,0.1636838516487563
Estrees-Mons,2022-02-26,ICOS,4.34,4.27,322.5,12.41,7.83,8.1899995803833,8.36,6.08,0.0750000029802322,117.13,0.1721,0.461,0.1136,77.3,6.6744995,158.63862668697757,0.2331016555400487
Estrees-Mons,2022-03-06,ICOS,4.28,3.13,315.1,13.98,9.14,9.239999771118164,9.39,6.84,0.0590000003576278,103.72,0.1524,0.412,0.1058,72.0,7.968445,134.27547713107043,0.197302741906879
Estrees-Mons,2022-03-22,ICOS,13.34,2.78,359.5,24.29,19.15,23.51000022888184,23.85,18.91,0.0700000002980232,9.58,0.0141,0.032,0.1159,78.8,18.542603,128.67222252591563,0.18906938820134542
Estrees-Mons,2022-03-23,ICOS,13.29,1.42,365.6,26.84,20.94,25.170000076293945,25.49,20.18,0.0610000006854534,23.1,0.0339,0.079,0.1371,93.3,18.775421,149.7382929211241,0.22002361408818233
Estrees-Mons,2022-04-15,ICOS,16.0,2.81,493.3,30.01,22.63,13.5600004196167,13.56,13.56,0.1809999942779541,444.8,0.6536,1.0,0.6271,426.8,18.153992,300.12229770339627,0.44099602927845977
Estrees-Mons,2022-04-24,ICOS,16.37,3.42,518.4,30.37,22.99,23.959999084472656,25.54,20.71,0.328000009059906,136.66,0.2008,0.294,0.3599,245.0,21.106354,236.4828498342607,0.3474850038380974
Estrees-Mons,2022-05-09,ICOS,19.08,0.55,534.8,31.04,21.15,31.530000686645508,38.35,28.46,0.6890000104904175,0.0,0.0,0.0,0.0037,2.5,28.323181,0.0,0.0
Estrees-Mons,2022-05-17,ICOS,24.19,2.2,550.1,40.93,33.26,38.630001068115234,44.59,36.92,0.7770000100135803,0.0,0.0,0.0,0.0719,48.9,29.058563,266.4031994388959,0.3914495991755205
Estrees-Mons,2022-05-18,ICOS,20.82,1.31,550.0,39.41,30.69,29.809999465942383,35.12,28.42,0.7919999957084656,106.18,0.156,0.218,0.304,206.9,25.69928,284.3101064392781,0.41776178905363315
Estrees-Mons,2022-06-02,ICOS,18.14,2.26,635.0,36.45,27.96,30.239999771118164,37.32,28.83,0.8339999914169312,0.0,0.0,0.0,0.1887,128.4,24.60788,242.38104034848823,0.35615173275696227
Estrees-Mons,2022-06-11,ICOS,19.21,0.88,504.2,35.75,25.96,30.46999931335449,39.0,29.21,0.8709999918937683,0.0,0.0,0.0,0.0634,43.2,23.460114,215.76680173685872,0.31704509642966994
Estrees-Mons,2022-06-18,ICOS,29.93,1.61,538.7,48.53,39.79,35.77000045776367,38.48,34.46,0.6740000247955322,253.79,0.3729,0.497,0.5103,347.3,35.668213,251.805775492404,0.370000323172512
Estrees-Mons,2022-07-04,ICOS,20.69,1.64,636.6,40.38,31.1,31.3700008392334,33.8,27.62,0.3930000066757202,163.33,0.24,0.282,0.3245,220.8,25.14151,362.9749961742531,0.5333510147866576
Estrees-Mons,2022-07-05,ICOS,19.92,1.36,568.5,38.33,29.53,31.56999969482422,34.29,27.42,0.3959999978542328,91.08,0.1338,0.185,0.1544,105.0,23.33368,346.36746208231966,0.5089481075495309
Estrees-Mons,2022-07-12,ICOS,26.13,0.7,496.3,42.09,29.4,28.450000762939453,29.03,26.72,0.2540000081062317,314.38,0.4619,0.669,0.3094,210.6,32.725983,180.01335901230414,0.26450942548746725
Estrees-Mons,2022-07-13,ICOS,31.07,2.29,522.0,46.99,39.57,42.470001220703125,43.71,37.81,0.209999993443489,76.41,0.1123,0.17,0.1412,96.1,37.75595,206.63369185613715,0.3036250166049362
Estrees-Mons,2022-07-29,ICOS,24.22,1.52,459.6,41.89,33.83,43.18000030517578,44.13,36.07,0.1180000007152557,0.0,0.0,0.0,0.0432,29.4,34.555817,125.68412162873472,0.18467870933201835
Estrees-Mons,2022-08-05,ICOS,21.58,3.67,437.5,32.38,27.1,29.96999931335449,30.44,26.11,0.1080000028014183,46.15,0.0678,0.18,0.0791,53.8,24.483856,223.5840656602389,0.32853168831708573
Estrees-Mons,2022-08-06,ICOS,20.45,4.78,500.9,31.87,25.63,36.09999847412109,36.26,30.01,0.025000000372529,0.0,0.0,0.0,0.0315,21.5,29.53717,66.95046332358245,0.09837619100608033
Estrees-Mons,2022-08-29,ICOS,22.02,6.27,421.7,30.19,25.45,34.599998474121094,34.68,29.95,0.0179999992251396,0.0,0.0,0.0,0.0603,41.0,28.410065,60.969988755177084,0.08958855490556633
Estrees-Mons,2022-08-30,ICOS,22.62,2.17,416.5,37.11,30.39,40.0099983215332,40.28,33.56,0.0410000011324882,0.0,0.0,0.0,0.0337,22.9,33.077698,76.59933797613,0.11255412927104816
Estrees-Mons,2022-09-30,ICOS,13.99,2.86,372.3,25.29,19.48,19.51000022888184,19.93,16.88,0.1369999945163726,120.67,0.1773,0.438,0.1662,113.1,15.552765,228.58882298391333,0.3358856174457502
Estrees-Mons,2022-10-08,ICOS,14.08,3.14,362.5,24.52,19.02,18.71999931335449,19.35,16.58,0.2290000021457672,129.43,0.1902,0.437,0.1771,120.5,15.448853,230.00627946927972,0.33796841064873756
Estrees-Mons,2022-10-24,ICOS,16.47,6.94,200.4,19.75,17.79,20.020000457763672,21.27,19.31,0.6399999856948853,0.0,0.0,0.0,0.0329,22.4,15.059418,168.7367991399765,0.24793978649139403
Estrees-Mons,2022-11-01,ICOS,13.86,5.97,224.1,18.81,15.81,16.139999389648438,18.26,15.6,0.796999990940094,23.25,0.0342,0.103,0.101,68.8,16.224731,15.12605726941179,0.022226043334645895
Estrees-Mons,2022-11-02,ICOS,12.37,3.9,210.3,18.45,14.98,13.859999656677246,15.22,13.59,0.8370000123977661,106.67,0.1567,0.505,0.1914,130.3,13.841675,101.68060507690049,0.149408236031364
Estrees-Mons,2022-11-10,ICOS,11.12,3.61,200.0,17.49,13.76,12.1899995803833,13.18,11.97,0.8199999928474426,128.18,0.1883,0.64,0.1945,132.3,13.3302,59.59263233630053,0.08756468424925792
Estrees-Mons,2022-11-25,ICOS,8.79,2.72,138.7,14.54,11.32,11.279999732971191,13.42,10.83,0.8270000219345093,25.22,0.0371,0.185,0.0846,57.5,10.133972,70.33563222612814,0.10335031674043318
Estrees-Mons,2022-11-26,ICOS,6.45,2.7,143.0,11.42,8.66,9.720000267028809,11.67,8.91,0.7070000171661377,0.0,0.0,0.0,0.0783,53.3,8.207642,51.4997086405989,0.07567304126781878
Estrees-Mons,2023-02-14,ICOS,5.02,2.49,217.6,13.76,9.12,9.5600004196167,12.82,8.68,0.7900000214576721,21.71,0.0319,0.101,0.0912,62.1,8.321289,67.44250981886063,0.09909919810118296
Estrees-Mons,2023-03-01,ICOS,2.12,5.33,296.0,9.06,5.11,6.230000019073486,9.22,5.27,0.7570000290870667,0.0,0.0,0.0,0.0515,35.0,5.252838,53.70177123449018,0.07890872507925088
Estrees-Mons,2023-03-18,ICOS,13.14,4.44,393.4,22.56,17.49,18.549999237060547,21.69,17.09,0.6830000281333923,31.08,0.0457,0.087,0.1098,74.7,16.000671,174.81631632883403,0.25687295460563364
Estrees-Mons,2023-04-03,ICOS,7.5,4.55,480.3,18.52,12.52,13.890000343322754,17.87,12.22,0.7039999961853027,24.65,0.0362,0.054,0.1573,107.1,11.996338,139.96751391789655,0.2056665510630317
Estrees-Mons,2023-04-18,ICOS,11.38,4.4,489.2,23.21,16.61,17.520000457763672,21.42,15.82,0.6959999799728394,65.34,0.096,0.14,0.1501,102.1,14.419647,243.6516357921005,0.3580187301434946
Estrees-Mons,2023-05-04,ICOS,17.83,5.04,437.7,26.28,21.5,20.3700008392334,21.95,19.62,0.6769999861717224,174.47,0.2564,0.482,0.1264,86.0,18.569885,320.41421628582987,0.47081272597101537
Estrees-Mons,2023-05-13,ICOS,17.15,2.87,578.3,33.72,25.18,22.450000762939453,26.28,21.57,0.8140000104904175,223.92,0.329,0.431,0.4252,289.3,19.376465,397.4144988119632,0.5839559982543132
Estrees-Mons,2023-05-20,ICOS,17.5,4.75,582.3,29.6,23.04,21.899999618530277,25.73,21.26,0.8579999804496765,169.28,0.2487,0.309,0.4191,285.2,19.1474,393.8740510323881,0.5787537076394275
Estrees-Mons,2023-05-28,ICOS,21.36,4.43,561.9,33.59,27.38,30.84000015258789,34.35,28.14,0.5659999847412109,0.0,0.0,0.0,0.2398,163.2,25.431946,245.41969347151706,0.3606166924479435
Estrees-Mons,2023-05-29,ICOS,17.6,5.46,570.1,28.57,22.7,27.09000015258789,30.25,24.37,0.5360000133514404,0.0,0.0,0.0,0.1064,72.4,22.348938,181.6612832918741,0.26693086524520276
Estrees-Mons,2023-06-05,ICOS,19.55,3.19,562.5,34.42,27.49,30.799999237060547,35.13,28.2,0.625,0.0,0.0,0.0,0.2098,142.8,25.26294,215.71903021587002,0.31697490154168656
Estrees-Mons,2023-06-06,ICOS,18.68,3.26,565.9,33.52,26.44,31.25,35.77,28.69,0.6389999985694885,0.0,0.0,0.0,0.1066,72.6,25.333801,169.0902043457868,0.248459075773401
Estrees-Mons,2023-06-13,ICOS,25.12,2.98,597.7,40.79,33.14,32.040000915527344,36.91,31.16,0.847000002861023,122.58,0.1801,0.238,0.3013,205.0,28.282227,354.4477778400592,0.5208212245813115
Estrees-Mons,2023-06-14,ICOS,24.48,1.18,584.7,43.48,34.21,33.13999938964844,39.28,32.06,0.8500000238418579,102.58,0.1507,0.214,0.2695,183.4,28.202148,352.04027218453695,0.5172836652507482
Estrees-Mons,2023-07-15,ICOS,22.54,5.11,430.1,30.73,25.94,28.8700008392334,30.16,25.7,0.2899999916553497,18.95,0.0278,0.058,0.1405,95.6,24.760437,220.68961890483172,0.3242786236968956
Estrees-Mons,2023-08-09,ICOS,20.17,2.78,553.0,34.96,27.65,26.61000061035156,31.66,25.98,0.8889999985694885,97.21,0.1428,0.215,0.1629,110.9,22.020996,393.76558568281723,0.5785943299829152
Estrees-Mons,2023-09-02,ICOS,23.13,1.74,505.5,41.01,31.91,30.049999237060547,30.49,26.74,0.1190000027418136,213.1,0.3131,0.589,0.3444,234.4,29.059662,234.3427015822055,0.34434029620242446
Estrees-Mons,2023-09-09,ICOS,30.03,2.98,439.4,42.79,36.3,38.18999862670898,38.76,34.32,0.1280000060796737,93.84,0.1379,0.253,0.2509,170.7,34.504852,197.3970737873019,0.29005284311603546
Estrees-Mons,2023-09-10,ICOS,29.73,3.58,446.6,41.04,35.04,36.130001068115234,36.6,32.96,0.1289999932050705,114.73,0.1686,0.311,0.3318,225.8,31.957703,253.2769046504969,0.37216198234358727
Estrees-Mons,2023-09-18,ICOS,20.24,5.8,389.4,27.36,23.37,25.520000457763672,26.34,22.92,0.2409999966621399,39.11,0.0575,0.111,0.1118,76.1,21.849884,215.37811062609651,0.31647395847099896
Estrees-Mons,2023-09-25,ICOS,17.39,1.83,343.1,29.92,23.73,23.040000915527344,24.59,21.03,0.4359999895095825,110.57,0.1625,0.375,0.2653,180.6,18.972015,230.46656413818238,0.3386447473050843
Estrees-Mons,2023-09-26,ICOS,18.22,2.54,294.6,27.59,22.8,23.09000015258789,24.51,21.3,0.44200000166893,72.3,0.1062,0.292,0.1102,75.0,18.440552,229.12159094038796,0.3366684601573047
Estrees-Mons,2023-10-03,ICOS,17.62,6.52,279.6,22.93,19.71,18.8700008392334,19.02,18.17,0.1759999990463256,181.65,0.2669,0.558,0.2527,172.0,17.587585,204.56654392933845,0.30058757475331366
Estrees-Mons,2023-12-31,ICOS,8.54,7.31,98.6,10.39,9.19,7.409999847412109,7.41,7.41,0.6010000109672546,112.14,0.1648,1.0,0.1707,116.2,9.232178,31.666536140790257,0.046530420451773434
Borgo Cioffi,2023-05-22,ICOS,23.85,2.0,663.5,38.95,34.43,29.989999771118164,30.94,28.82,0.4490000009536743,265.25,0.3898,0.463,0.3306,225.0,26.946472,407.06846676390796,0.5981414205510485
Borgo Cioffi,2023-05-30,ICOS,25.13,2.0,640.8,40.54,35.39,41.63999938964844,43.88,38.74,0.4350000023841858,0.0,0.0,0.0,0.1416,96.4,37.88748,16.053359941288534,0.02358861052597499
Borgo Cioffi,2023-06-23,ICOS,28.54,2.0,438.2,42.2,36.84,39.060001373291016,41.0,36.11,0.3959999978542328,29.56,0.0434,0.068,0.1848,125.7,39.09027,29.617539504512514,0.04351964988418165
Borgo Cioffi,2023-07-09,ICOS,30.78,2.0,625.0,46.52,41.37,34.90999984741211,36.92,34.91,1.0,344.42,0.5061,0.61,0.1352,92.0,32.512817,496.59607235599634,0.7296921879516681
Borgo Cioffi,2023-07-17,ICOS,31.7,2.0,597.3,47.39,42.05,38.68999862670898,42.29,38.69,1.0,168.62,0.2478,0.325,0.0521,35.5,32.678772,513.7741797275361,0.7549334885792367
Borgo Cioffi,2023-07-25,ICOS,33.55,2.0,530.0,49.97,42.84,33.689998626708984,33.79,33.69,1.0,501.2,0.7365,0.985,0.3247,221.0,33.23532,503.5,0.7398367346938776
Borgo Cioffi,2023-08-10,ICOS,27.02,2.0,575.9,43.17,36.94,33.13999938964844,36.98,33.14,1.0,198.26,0.2913,0.383,0.0609,41.4,29.035828,435.92863125604845,0.6405481928660304
Borgo Cioffi,2023-08-18,ICOS,28.37,2.0,567.9,43.76,37.99,34.61000061035156,38.35,34.61,1.0,180.07,0.2646,0.352,0.0608,41.4,30.276825,432.5672014942829,0.6356089491344565
Borgo Cioffi,2023-08-26,ICOS,29.67,2.0,545.0,44.6,39.12,32.790000915527344,34.59,32.79,1.0,344.73,0.5065,0.67,0.1361,92.6,31.404419,422.7240278042326,0.621145510242954
Borgo Cioffi,2023-09-03,ICOS,29.53,2.0,506.5,42.95,38.88,33.810001373291016,35.67,33.81,1.0,262.27,0.3854,0.542,0.1214,82.6,32.667084,319.7326049518716,0.46981117462315836
Borgo Cioffi,2023-09-11,ICOS,28.67,2.0,429.3,41.54,37.88,42.130001068115234,43.86,40.19,0.4699999988079071,0.0,0.0,0.0,0.1398,95.2,38.24588,49.0591639951961,0.07208693485008406
Borgo Cioffi,2023-09-27,ICOS,27.18,2.0,411.5,38.37,35.34,31.959999084472656,32.63,31.16,0.4550000131130218,187.62,0.2757,0.427,0.2891,196.8,31.501984,185.4681070805932,0.27252456550617776
Borgo Cioffi,2023-10-05,ICOS,24.94,2.0,394.1,35.73,32.9,36.27000045776367,37.52,34.68,0.4390000104904175,0.0,0.0,0.0,0.1045,71.1,32.706604,58.91084083037313,0.08656286815891563
Borgo Cioffi,2023-10-29,ICOS,21.46,2.0,353.7,35.78,27.61,27.920000076293945,31.68,25.85,0.6449999809265137,90.6,0.1331,0.257,0.2234,152.1,25.540802,163.82178921652152,0.2407177310936643
Borgo Cioffi,2023-11-06,ICOS,19.77,2.0,95.3,23.31,21.56,19.399999618530277,19.4,19.4,0.7580000162124634,116.47,0.1711,1.0,0.0933,63.5,20.619019,51.54404481785892,0.0757381883037927
Borgo Cioffi,2023-11-22,ICOS,16.34,2.0,216.1,25.78,20.47,19.09000015258789,22.49,19.03,0.984000027179718,70.24,0.1032,0.347,0.1413,96.2,18.150696,116.51106404107391,0.1711999308358637
Borgo Cioffi,2023-12-08,ICOS,10.07,2.0,190.7,16.28,14.35,10.25,10.33,10.25,0.9810000061988832,180.07,0.2646,0.956,0.2597,176.7,11.061035,138.7351206997817,0.2038556875588629
Borgo Cioffi,2023-12-16,ICOS,11.82,2.0,261.0,19.41,17.23,11.380000114440918,11.38,11.38,0.9869999885559082,235.6,0.3462,1.0,0.4001,272.3,12.57135,212.81646238194708,0.3127099039081671
Grignon,2022-01-01,ICOS,11.46,2.62,131.6,16.18,13.49,8.770000457763672,8.77,8.77,0.7670000195503235,144.71,0.2126,1.0,0.2017,137.2,9.851257,115.82116077184676,0.17018619541985647
Grignon,2022-02-09,ICOS,6.51,1.06,276.9,20.02,12.43,9.390000343322754,12.24,9.02,0.8849999904632568,164.47,0.2417,0.569,0.2359,160.5,9.142212,155.27059335306055,0.22815270860041548
Grignon,2022-02-25,ICOS,7.5,4.56,324.6,16.16,11.18,8.800000190734863,10.2,8.65,0.8999999761581421,238.0,0.3497,0.681,0.277,188.5,9.007202,190.90132956588832,0.2805080760968155
Grignon,2022-02-26,ICOS,6.34,4.49,300.7,14.62,9.82,7.829999923706055,9.53,7.68,0.9160000085830688,200.01,0.2939,0.608,0.2073,141.1,7.0465393,227.49000516425258,0.3342710279964528
Grignon,2022-03-06,ICOS,4.6,2.94,352.9,16.4,10.42,9.039999961853027,12.63,8.56,0.8830000162124634,117.34,0.1724,0.312,0.1451,98.8,7.1585083,196.16513030319067,0.2882426404455047
Grignon,2022-03-21,ICOS,14.63,2.18,472.4,29.49,22.47,16.299999237060547,17.62,16.21,0.9330000281333924,358.29,0.5265,0.791,0.2955,201.1,16.412384,345.0679024168023,0.5070385504899952
Grignon,2022-03-22,ICOS,13.76,3.45,435.8,25.08,19.25,13.859999656677246,13.94,13.85,0.9139999747276306,410.63,0.6034,0.965,0.294,200.1,14.719269,338.2801664158465,0.4970647343253255
Grignon,2022-04-14,ICOS,17.38,1.21,636.2,37.44,27.58,19.8799991607666,22.22,19.84,0.9829999804496764,455.81,0.6698,0.756,0.4307,293.1,19.782776,461.8252955024496,0.678600434207681
Grignon,2022-04-15,ICOS,16.86,1.93,598.6,34.99,26.51,17.15999984741211,17.41,17.15,0.9670000076293944,558.54,0.8207,0.962,0.487,331.4,19.24231,427.7335956341468,0.628506507870583
Grignon,2022-04-22,ICOS,15.78,5.5,630.1,27.45,20.93,18.13999938964844,20.98,18.07,0.9769999980926514,326.1,0.4792,0.551,0.0957,65.1,17.556976,395.00746541116763,0.5804191328490627
Grignon,2022-04-30,ICOS,13.15,5.03,578.5,26.1,19.0,17.1299991607666,21.84,17.07,0.9869999885559082,198.89,0.2923,0.328,0.0454,30.9,15.374542,342.4261720886751,0.5031568242935633
Grignon,2022-05-09,ICOS,20.08,1.05,598.8,40.89,29.35,23.309999465942383,27.12,23.21,0.9760000109672546,384.42,0.5649,0.658,0.2482,168.9,20.838806,519.67750995559,0.7636077697306629
Grignon,2022-05-16,ICOS,20.65,2.89,569.2,35.84,28.61,24.030000686645508,27.04,24.0,0.9900000095367432,316.35,0.4648,0.578,0.1165,79.3,22.015717,447.38172613402367,0.6573772302377491
Grignon,2022-05-17,ICOS,24.88,2.4,606.5,42.87,34.4,30.96999931335449,36.15,30.85,0.9760000109672546,210.84,0.3098,0.371,0.1077,73.3,25.717407,522.5618370257425,0.7678459646092544
Grignon,2022-06-18,ICOS,32.28,3.02,532.9,48.35,40.45,32.88999938964844,33.1,32.7,0.5199999809265137,462.37,0.6794,0.85,0.5321,362.1,34.49704,349.91053875473256,0.5141542610273622
Grignon,2022-07-04,ICOS,20.69,1.42,538.1,40.63,31.75,29.479999542236328,30.16,25.94,0.1599999964237213,230.64,0.3389,0.391,0.1597,108.7,27.399261,249.6098510535191,0.36677365869088524
Grignon,2022-07-11,ICOS,25.37,4.51,498.2,38.45,32.16,39.66999816894531,40.58,34.3,0.1459999978542328,0.0,0.0,0.0,0.0189,12.9,36.254547,37.86105979330527,0.05563257765546897
Grignon,2022-07-12,ICOS,27.73,2.12,462.8,45.21,38.03,42.38999938964844,43.24,36.87,0.1330000013113021,39.25,0.0577,0.093,0.1244,84.7,38.9599,106.80944155667893,0.1569444855526711
Grignon,2022-08-12,ICOS,30.56,5.59,445.2,41.48,35.76,44.43999862670898,45.14,39.41,0.1220000013709068,0.0,0.0,0.0,0.0091,6.2,42.6333,0.0,0.0
Grignon,2022-08-29,ICOS,22.96,4.43,388.8,34.63,28.45,40.2599983215332,40.93,34.74,0.1070000007748603,0.0,0.0,0.0,0.0002,0.1,35.238953,0.0,0.0
Grignon,2022-09-30,ICOS,13.86,2.09,408.0,28.48,21.3,20.75,21.16,17.57,0.1140000000596046,154.04,0.2263,0.377,0.2033,138.4,19.058136,181.9011183005249,0.26728327587015904
Grignon,2022-10-07,ICOS,16.79,1.76,333.0,31.6,24.55,25.51000022888184,25.92,21.57,0.0939999967813491,105.08,0.1544,0.286,0.2438,165.9,25.322937,93.8154689072614,0.13785130125148615
Grignon,2022-10-31,ICOS,17.3,4.56,265.3,24.36,20.15,20.43000030517578,21.22,18.88,0.3370000123977661,100.55,0.1478,0.37,0.1817,123.7,19.315155,132.0420593546438,0.1940209851741705
Grignon,2022-11-01,ICOS,14.08,6.12,260.0,19.69,16.12,15.210000038146973,15.66,14.65,0.4510000050067901,167.51,0.2461,0.596,0.1669,113.6,14.322235,196.50636866904205,0.2887440519218577
Grignon,2022-11-24,ICOS,10.19,4.75,149.3,15.04,11.96,9.949999809265137,9.95,9.95,0.8339999914169312,186.89,0.2746,1.0,0.2208,150.3,10.696106,104.5830135631898,0.15367299952142174
Grignon,2022-11-25,ICOS,8.89,3.57,120.7,13.57,10.57,10.010000228881836,11.27,9.74,0.8230000138282776,63.1,0.0927,0.46,0.0758,51.6,8.951172,105.26070350495424,0.15466878882360624
Grignon,2022-12-27,ICOS,6.48,1.95,125.1,13.31,9.35,6.630000114440918,6.8,6.61,0.921999990940094,138.02,0.2028,0.925,0.1821,124.0,6.146057,115.91765965998172,0.17032798970446295
Grignon,2023-01-11,ICOS,9.88,5.73,131.7,13.77,11.29,9.09000015258789,9.09,9.09,0.9449999928474426,166.07,0.244,1.0,0.2477,168.6,9.868744,122.94194971740245,0.18064939550312198
Grignon,2023-02-13,ICOS,5.04,0.71,228.0,17.34,9.26,9.600000381469728,16.92,9.12,0.9380000233650208,8.52,0.0125,0.034,0.1189,80.9,7.7710876,89.50884797867143,0.13152320519314986
Grignon,2023-04-09,ICOS,14.66,2.7,417.1,28.94,21.88,16.8700008392334,19.03,16.87,1.0,305.8,0.4493,0.694,0.2251,153.2,17.002625,267.6780411184211,0.39332283592910855
Grignon,2023-05-03,ICOS,16.2,3.86,555.8,31.51,23.3,19.76000022888184,23.78,19.72,0.9890000224113464,290.87,0.4274,0.504,0.2804,190.8,18.753815,339.29159201070553,0.49855091070960805
Grignon,2023-05-19,ICOS,16.51,4.02,599.6,31.01,23.61,18.850000381469727,21.19,18.8,0.9800000190734864,405.34,0.5956,0.674,0.2763,188.0,18.697235,395.21334773600125,0.5807216538161651
Grignon,2023-05-20,ICOS,17.6,5.41,575.1,29.69,22.96,21.420000076293945,26.13,21.38,0.99099999666214,166.21,0.2442,0.293,0.0836,56.9,19.085388,395.5039005719412,0.5811485885955054
Grignon,2023-05-27,ICOS,19.43,4.13,601.7,34.41,26.53,24.3799991607666,29.49,24.2,0.9660000205039978,192.72,0.2832,0.326,0.1151,78.3,21.70398,390.95284178380535,0.5744613185394691
Grignon,2023-05-28,ICOS,21.16,3.49,552.5,36.43,28.69,25.100000381469727,28.81,24.93,0.9570000171661376,275.19,0.4044,0.494,0.1813,123.4,23.05066,393.2523449718188,0.5778401803667541
Grignon,2023-06-04,ICOS,22.67,5.47,564.0,35.15,28.4,26.68000030517578,29.82,25.96,0.8130000233650208,236.71,0.3478,0.407,0.1263,86.0,25.020935,334.65100725645334,0.49173209229519677
Grignon,2023-06-05,ICOS,21.36,3.07,525.2,37.41,29.69,27.61000061035156,31.42,26.58,0.7879999876022339,188.62,0.2772,0.353,0.1341,91.3,24.672974,310.7897519607676,0.45667065594235234
Grignon,2023-06-21,ICOS,23.96,1.67,380.3,38.9,31.93,30.5,31.42,27.93,0.2639999985694885,146.24,0.2149,0.429,0.1606,109.3,27.938446,199.91558331294416,0.29375351017412205
Grignon,2023-06-28,ICOS,22.95,1.77,457.6,42.18,33.86,35.189998626708984,35.99,30.35,0.1420000046491623,116.49,0.1712,0.329,0.2148,146.2,32.211304,160.99512450697227,0.23656426458167354
Grignon,2023-09-24,ICOS,17.52,4.41,398.5,28.47,22.28,19.350000381469727,20.99,19.03,0.8370000123977661,277.06,0.4071,0.656,0.3245,220.8,20.100555,198.46223396276477,0.2916179764350829
Grignon,2023-10-10,ICOS,23.52,2.18,298.7,34.49,29.24,19.96999931335449,19.97,19.97,0.7950000166893005,332.35,0.4883,1.0,0.3939,268.1,23.978851,247.47672593604338,0.36363927076316577
Grignon,2023-10-27,ICOS,13.73,4.65,289.8,21.05,16.81,14.289999961853027,14.72,14.15,0.7480000257492065,284.28,0.4177,0.813,0.3203,218.0,15.060883,172.10694831378956,0.2528918424202622
Grignon,2023-12-06,ICOS,4.13,1.47,147.9,10.93,7.13,6.610000133514404,7.38,5.57,0.4230000078678131,77.45,0.1138,0.429,0.1041,70.8,6.2390137,70.00829434643762,0.10286933046823488
Lamasquere,2022-02-10,ICOS,9.08,0.95,242.3,20.77,14.08,13.989999771118164,16.95,12.45,0.6570000052452087,67.15,0.0987,0.369,0.1139,77.5,10.320831,170.33869404344642,0.2502935912475131
Lamasquere,2022-04-07,ICOS,10.82,4.95,430.2,20.75,15.11,16.18000030517578,20.98,15.35,0.8510000109672546,0.0,0.0,0.0,0.0091,6.2,16.149292,0.0,0.0
Lamasquere,2022-05-01,ICOS,10.23,2.9,513.5,25.33,17.74,21.450000762939453,28.4,20.8,0.9160000085830688,0.0,0.0,0.0,0.002,1.4,15.999847,138.58624467913427,0.20363693095709526
Lamasquere,2022-05-10,ICOS,18.69,2.07,592.8,38.17,28.8,25.01000022888184,29.52,24.31,0.8650000095367432,241.92,0.3555,0.444,0.1189,80.9,24.657257,256.31464904515775,0.37662560676023177
Lamasquere,2022-05-18,ICOS,18.73,1.46,604.9,41.07,30.06,26.049999237060547,31.22,25.06,0.8389999866485596,248.58,0.3653,0.427,0.1436,97.7,28.599182,134.60185574123852,0.19778231864018722
Lamasquere,2022-06-03,ICOS,21.43,2.79,614.1,39.17,30.59,40.650001525878906,44.55,35.97,0.4550000131130218,0.0,0.0,0.0,0.0,0.0,30.424255,173.11801465779152,0.2543774909257345
Lamasquere,2022-06-11,ICOS,22.51,2.34,639.2,41.44,32.75,37.86000061035156,39.91,31.92,0.2569999992847442,36.97,0.0543,0.07,0.0107,7.3,32.92697,181.05116781796167,0.26603436903863753
Lamasquere,2022-06-18,ICOS,27.41,4.64,589.5,41.08,33.88,42.83000183105469,44.37,37.17,0.2150000035762787,0.0,0.0,0.0,0.0004,0.2,37.033203,90.16329511692044,0.13248484180445452
Lamasquere,2022-07-13,ICOS,26.27,1.46,510.8,47.02,37.09,48.61000061035156,50.07,40.15,0.1469999998807907,0.0,0.0,0.0,0.0153,10.4,42.01007,68.05796673699433,0.10000354296048147
Lamasquere,2022-07-29,ICOS,15.03,1.45,389.2,29.04,22.49,28.540000915527344,29.77,23.21,0.1870000064373016,0.0,0.0,0.0,0.0015,1.0,21.498383,141.24925976664076,0.2075499327183293
Lamasquere,2022-08-29,ICOS,23.81,2.66,367.4,37.65,30.89,34.91999816894531,35.6,29.84,0.1180000007152557,40.55,0.0596,0.138,0.1099,74.8,36.77011,1.6587681388682025,0.0024373735918063384
Lamasquere,2022-09-30,ICOS,9.48,3.46,514.2,22.64,15.84,19.96999931335449,20.28,14.7,0.0549999997019767,61.0,0.0896,0.14,0.0193,13.1,15.823639,181.24945542616362,0.266325730422118
Lamasquere,2022-10-16,ICOS,17.03,5.56,354.7,25.27,20.51,30.5,30.69,25.93,0.0390000008046627,0.0,0.0,0.0,0.0,0.0,25.572418,0.0,0.0
Lamasquere,2022-10-25,ICOS,15.1,2.41,261.0,25.3,20.1,27.780000686645508,27.97,22.77,0.0379999987781047,0.0,0.0,0.0,0.0004,0.2,23.165802,35.12402789543452,0.05161081649941399
Lamasquere,2022-12-19,ICOS,9.34,4.35,170.4,14.21,11.28,9.34000015258789,9.34,9.34,0.449999988079071,151.07,0.222,0.951,0.2109,143.5,11.536438,52.288720250974166,0.07683240526673754
Lamasquere,2023-02-13,ICOS,4.28,3.56,253.6,12.99,8.08,12.789999961853027,17.22,12.32,0.9039999842643738,0.0,0.0,0.0,0.0007,0.5,8.36908,9.969564698540706,0.014649156291733282
Lamasquere,2023-02-14,ICOS,5.08,4.81,245.1,11.95,7.93,13.40999984741211,17.06,13.03,0.906000018119812,0.0,0.0,0.0,0.0001,0.0,9.304443,0.0,0.0
Lamasquere,2023-03-01,ICOS,-0.66,3.5,320.5,10.31,4.27,9.760000228881836,15.28,9.24,0.912999987602234,0.0,0.0,0.0,0.0008,0.5,5.8572693,0.0,0.0
Lamasquere,2023-04-18,ICOS,13.75,1.85,467.7,30.55,22.42,32.099998474121094,33.42,25.29,0.163000002503395,0.0,0.0,0.0,0.0471,32.1,25.122192,90.29232102981005,0.13267443090094538
Lamasquere,2023-04-19,ICOS,14.0,3.73,527.0,28.42,20.63,31.850000381469727,33.14,25.35,0.1669999957084655,0.0,0.0,0.0,0.0014,0.9,25.483551,47.91181047619892,0.07040102763849637
Lamasquere,2023-05-04,ICOS,18.6,1.57,558.8,38.73,29.13,37.400001525878906,40.55,30.95,0.328000009059906,0.0,0.0,0.0,0.1064,72.4,30.685455,124.35953764841504,0.1827323818507323
Lamasquere,2023-05-28,ICOS,23.6,1.35,563.9,44.18,34.46,40.52000045776367,44.91,35.19,0.4519999921321869,0.0,0.0,0.0,0.1403,95.5,34.3573,152.2177685261342,0.22366692518125839
Lamasquere,2023-05-29,ICOS,20.37,1.74,575.0,40.11,31.08,40.41999816894531,44.09,35.06,0.4070000052452087,0.0,0.0,0.0,0.029,19.8,31.915283,128.255979600283,0.188457765943273
Lamasquere,2023-06-05,ICOS,20.67,1.16,492.9,38.28,30.26,40.88999938964844,44.24,36.21,0.4169999957084656,0.0,0.0,0.0,0.0156,10.6,31.228638,101.8908132367683,0.14971711332749627
Lamasquere,2023-07-07,ICOS,19.98,4.02,640.1,35.38,27.01,32.209999084472656,38.49,30.12,0.7509999871253967,0.0,0.0,0.0,0.0862,58.7,27.299957,110.29450416370163,0.1620653938731942
Lamasquere,2023-07-08,ICOS,21.5,2.23,658.6,41.41,31.67,38.209999084472656,45.84,36.1,0.7829999923706055,0.0,0.0,0.0,0.0004,0.3,28.061401,271.48910382132914,0.3989227647986877
Lamasquere,2023-07-16,ICOS,18.29,1.61,625.0,38.81,28.91,32.40999984741211,40.09,30.19,0.7749999761581421,0.0,0.0,0.0,0.0035,2.4,25.370667,247.5788186443549,0.3637892845386439
Lamasquere,2023-07-23,ICOS,19.87,2.01,589.0,39.31,29.97,34.290000915527344,41.86,32.52,0.8109999895095825,0.0,0.0,0.0,0.0001,0.1,26.842865,216.9486174208358,0.31878164192449343
Lamasquere,2023-07-31,ICOS,16.87,2.12,592.9,36.57,27.1,32.459999084472656,39.86,30.39,0.7820000052452087,0.0,0.0,0.0,0.0001,0.1,25.221893,168.1891619515104,0.24713509511242346
Lamasquere,2023-08-08,ICOS,18.87,1.37,561.8,39.56,29.62,34.709999084472656,42.11,32.17,0.7450000047683716,0.0,0.0,0.0,0.001,0.7,27.225159,182.0955672470841,0.2675689967712256
Lamasquere,2023-08-09,ICOS,20.59,2.14,559.5,38.93,30.53,37.16999816894531,43.55,35.15,0.7590000033378601,0.0,0.0,0.0,0.0004,0.3,29.973663,105.92513110215663,0.1556450905990873
Lamasquere,2023-09-01,ICOS,18.52,3.35,464.2,33.46,25.88,40.040000915527344,40.6,33.01,0.0729999989271164,0.0,0.0,0.0,0.0001,0.0,33.838135,0.0,0.0
Lamasquere,2023-09-09,ICOS,20.07,3.72,425.8,33.54,26.68,43.220001220703125,43.85,36.98,0.090999998152256,0.0,0.0,0.0,0.0,0.0,35.92874,0.0,0.0
Lamasquere,2023-09-10,ICOS,21.78,1.72,412.0,39.25,31.42,48.91999816894531,49.68,41.85,0.0979999974370002,0.0,0.0,0.0,0.0,0.0,38.25125,4.058308055399456,0.0059632281630359356
Lamasquere,2023-09-18,ICOS,18.81,1.06,445.7,36.45,27.48,32.11000061035156,33.19,25.88,0.1480000019073486,57.12,0.0839,0.181,0.0633,43.0,27.095856,158.82723513844712,0.23337879448914678
Lamasquere,2023-09-25,ICOS,17.42,1.35,394.3,34.87,26.81,36.91999816894531,38.28,30.22,0.1689999997615814,0.0,0.0,0.0,0.0032,2.2,32.288544,21.80919847017779,0.03204616918066941
Lamasquere,2023-09-26,ICOS,19.65,1.6,388.9,35.77,28.58,37.65999984741211,38.79,31.6,0.1580000072717666,0.0,0.0,0.0,0.0064,4.4,32.284454,44.32489866847466,0.06513046334959542
Lamasquere,2023-10-04,ICOS,15.96,2.36,366.0,29.6,23.29,30.690000534057617,31.71,25.4,0.1609999984502792,0.0,0.0,0.0,0.0043,3.0,30.723846,0.0,0.0
Lamasquere,2023-10-11,ICOS,18.4,1.92,333.0,32.35,25.71,36.58000183105469,37.62,30.98,0.1570000052452087,0.0,0.0,0.0,0.0,0.0,31.055115,4.731487583822057,0.006952389919085472
Lamasquere,2023-10-12,ICOS,18.43,2.2,337.3,31.67,25.14,35.310001373291016,36.1,29.57,0.1220000013709068,0.0,0.0,0.0,0.0,0.0,30.448547,8.259917515340994,0.012137021655194931
Lamasquere,2023-11-13,ICOS,13.91,1.03,287.8,26.05,19.23,19.75,20.04,16.59,0.0850000008940696,90.5,0.133,0.534,0.1317,89.6,15.832092,169.7695391127679,0.24945728196161812
Lamasquere,2023-12-30,ICOS,7.63,1.09,207.9,17.02,11.62,12.800000190734863,14.25,10.44,0.3810000121593475,42.76,0.0628,0.302,0.0543,37.0,9.476074,122.26358999702892,0.17965262203645066
