Site,Date,LE_pixel (W/m²)_ICOS,ET_pixel (mm/h)_ICOS,Rn (W/m²)_ICOS,Ta (°C)_ICOS,u (m/s)_ICOS,LE_pixel (W/m²)_ERA5,ET_pixel (mm/h)_ERA5,Rn (W/m²)_ERA5,Ta (°C)_ERA5,u (m/s)_ERA5,LE_pixel (W/m²)_ERA5_DS,ET_pixel (mm/h)_ERA5_DS,Rn (W/m²),Ta (°C)_ERA5_DS,u (m/s)
Borgo Cioffi,2022-01-19,,,,,,55.05,0.0809,245.2,9.66,1.58,9.65,0.0142,245.2,8.41,1.58
Borgo Cioffi,2022-02-12,,,,,,50.94,0.0748,246.0,12.3,2.76,7.23,0.0106,246.0,11.04,2.76
Borgo Cioffi,2022-02-20,,,,,,127.78,0.1878,286.9,15.09,0.85,86.94,0.1278,286.9,13.98,0.85
Borgo Cioffi,2022-03-16,,,,,,87.22,0.1282,449.7,12.49,0.77,77.77,0.1143,449.7,12.23,0.77
Borgo Cioffi,2022-03-24,,,,,,206.14,0.3029,485.4,16.27,0.8,159.65,0.2346,485.4,15.05,0.8
Borgo Cioffi,2022-04-09,,,,,,,,353.2,14.61,3.38,,,353.2,14.06,3.38
Borgo Cioffi,2022-04-25,,,,,,,,347.5,16.13,2.42,,,347.5,14.93,2.42
Borgo Cioffi,2022-05-03,,,,,,0.0,0.0,486.8,17.21,0.99,0.0,0.0,486.8,15.99,0.99
Borgo Cioffi,2022-05-11,,,,,,65.23,0.0958,553.8,21.52,1.34,34.8,0.0511,553.8,20.2,1.34
Borgo Cioffi,2022-05-19,,,,,,170.85,0.251,617.6,22.46,2.88,123.56,0.1816,617.6,21.17,2.88
Borgo Cioffi,2022-05-27,,,,,,370.01,0.5437,499.9,30.38,1.84,295.5,0.4342,499.9,28.74,1.84
Borgo Cioffi,2022-06-12,,,,,,8.32,0.0122,623.2,26.78,2.43,0.0,0.0,623.2,25.15,2.43
Borgo Cioffi,2022-06-20,,,,,,156.29,0.2296,610.2,26.74,1.7,117.66,0.1729,610.2,25.72,1.7
Borgo Cioffi,2022-06-28,,,,,,204.45,0.3004,574.7,35.93,0.65,173.74,0.2553,574.7,35.09,0.65
Borgo Cioffi,2022-07-06,,,,,,152.68,0.2244,545.8,31.7,1.37,123.05,0.1808,545.8,30.52,1.37
Borgo Cioffi,2022-07-14,,,,,,252.67,0.3713,571.9,29.29,0.58,202.4,0.2974,571.9,27.93,0.58
Borgo Cioffi,2022-07-30,,,,,,230.8,0.3391,568.2,29.64,1.92,210.77,0.3097,568.2,29.12,1.92
Borgo Cioffi,2022-08-07,,,,,,153.87,0.2261,529.8,32.78,1.23,125.72,0.1847,529.8,31.64,1.23
Borgo Cioffi,2022-10-02,,,,,,0.0,0.0,444.8,20.44,1.29,0.0,0.0,444.8,19.87,1.29
Borgo Cioffi,2022-10-18,,,,,,163.5,0.2402,386.0,22.88,0.11,110.41,0.1622,386.0,21.49,0.11
Borgo Cioffi,2022-10-26,,,,,,154.77,0.2274,352.3,22.39,0.52,133.39,0.196,352.3,21.65,0.52
Borgo Cioffi,2022-11-03,,,,,,0.0,0.0,297.7,18.58,0.98,0.0,0.0,297.7,17.86,0.98
Borgo Cioffi,2022-11-11,,,,,,25.86,0.038,260.4,18.03,2.76,0.0,0.0,260.4,16.81,2.76
Borgo Cioffi,2022-12-05,,,,,,,,199.2,16.34,1.21,,,199.2,14.67,1.21
Borgo Cioffi,2022-12-21,,,,,,0.0,0.0,168.4,10.84,0.84,0.0,0.0,168.4,10.38,0.84
Borgo Cioffi,2022-12-29,,,,,,64.88,0.0953,184.7,13.08,1.07,26.02,0.0382,184.7,12.02,1.07
Borgo Cioffi,2023-01-06,,,,,,33.84,0.0497,206.0,11.73,1.23,2.26,0.0033,206.0,10.77,1.23
Borgo Cioffi,2023-01-14,,,,,,3.26,0.0048,177.6,11.82,1.42,0.0,0.0,177.6,10.39,1.42
Borgo Cioffi,2023-01-30,,,,,,63.02,0.0926,263.6,8.72,0.18,19.57,0.0288,263.6,7.5,0.18
Borgo Cioffi,2023-02-07,,,,,,111.62,0.164,291.8,5.4,4.06,33.5,0.0492,291.8,3.21,4.06
Borgo Cioffi,2023-02-15,,,,,,144.66,0.2126,324.0,13.68,0.57,107.18,0.1575,324.0,12.62,0.57
Borgo Cioffi,2023-04-20,,,,,,142.84,0.2099,573.1,16.95,0.38,103.81,0.1525,573.1,15.67,0.38
Borgo Cioffi,2023-04-28,,,,,,75.55,0.111,559.2,19.29,1.62,29.77,0.0437,559.2,17.89,1.62
Borgo Cioffi,2023-05-06,,,,,,45.99,0.0676,528.2,19.53,1.55,24.28,0.0357,528.2,18.62,1.55
Borgo Cioffi,2023-05-22,309.75,0.4551,663.5,23.85,2.0,192.46,0.2828,575.2,22.32,1.13,148.64,0.2184,575.2,20.64,1.13
Borgo Cioffi,2023-05-30,0.0,0.0,640.8,25.13,2.0,0.0,0.0,528.3,23.97,0.77,0.0,0.0,528.3,22.21,0.77
Borgo Cioffi,2023-06-07,,,,,,44.28,0.0651,586.0,23.62,1.05,15.63,0.023,586.0,22.26,1.05
Borgo Cioffi,2023-06-23,80.87,0.1188,438.2,28.54,2.0,152.71,0.2244,585.4,28.89,1.22,155.34,0.2283,585.4,29.01,1.22
Borgo Cioffi,2023-07-09,377.34,0.5545,625.0,30.78,2.0,418.22,0.6145,596.6,32.33,0.61,353.07,0.5188,596.6,30.84,0.61
Borgo Cioffi,2023-07-17,219.24,0.3221,597.3,31.7,2.0,333.0,0.4893,575.9,34.71,1.43,310.59,0.4564,575.9,34.18,1.43
Borgo Cioffi,2023-07-25,502.11,0.7378,530.0,33.55,2.0,548.28,0.8056,579.0,34.06,3.7,548.28,0.8056,579.0,33.72,3.7
Borgo Cioffi,2023-08-10,243.04,0.3571,575.9,27.02,2.0,190.86,0.2804,561.5,26.55,1.54,142.69,0.2097,561.5,25.35,1.54
Borgo Cioffi,2023-08-18,224.43,0.3298,567.9,28.37,2.0,277.8,0.4082,540.5,30.14,1.55,231.2,0.3397,540.5,29.07,1.55
Borgo Cioffi,2023-08-26,366.69,0.5388,545.0,29.67,2.0,373.52,0.5489,517.4,30.41,1.67,346.08,0.5085,517.4,29.81,1.67
Borgo Cioffi,2023-09-03,290.53,0.4269,506.5,29.53,2.0,223.49,0.3284,520.0,28.74,0.42,161.53,0.2373,520.0,27.21,0.42
Borgo Cioffi,2023-09-11,0.0,0.0,429.3,28.67,2.0,0.0,0.0,491.5,29.28,0.2,0.0,0.0,491.5,28.18,0.2
Borgo Cioffi,2023-09-27,212.68,0.3125,411.5,27.18,2.0,152.64,0.2243,464.6,25.9,2.03,116.8,0.1716,464.6,24.58,2.03
Borgo Cioffi,2023-10-05,0.0,0.0,394.1,24.94,2.0,0.0,0.0,401.9,25.09,1.35,0.0,0.0,401.9,23.81,1.35
Borgo Cioffi,2023-10-13,,,,,,0.0,0.0,394.7,23.57,0.62,0.0,0.0,394.7,22.98,0.62
Borgo Cioffi,2023-10-29,123.91,0.1821,353.7,21.46,2.0,54.68,0.0804,354.4,20.22,1.37,32.08,0.0471,354.4,19.29,1.37
Borgo Cioffi,2023-11-06,116.47,0.1711,95.3,19.77,2.0,262.52,0.3857,254.6,20.3,3.01,201.26,0.2957,254.6,18.04,3.01
Borgo Cioffi,2023-11-22,73.01,0.1073,216.1,16.34,2.0,0.0,0.0,154.6,15.45,1.45,0.0,0.0,154.6,13.92,1.45
Borgo Cioffi,2023-12-08,180.26,0.2649,190.7,10.07,2.0,154.73,0.2274,204.1,11.65,1.13,136.95,0.2012,204.1,9.82,1.13
Borgo Cioffi,2023-12-16,235.6,0.3462,261.0,11.82,2.0,33.93,0.0499,184.1,9.65,5.28,0.0,0.0,184.1,7.97,5.28
Estrees-Mons,2022-01-09,,,123.5,4.41,3.63,,,97.6,5.85,3.22,,,97.6,5.12,3.22
Estrees-Mons,2022-01-25,,,150.9,0.3,0.93,,,145.0,2.23,0.6,,,145.0,0.62,0.6
Estrees-Mons,2022-02-11,100.87,0.1482,243.0,3.52,1.96,115.7,0.17,212.1,5.7,2.12,96.09,0.1412,212.1,4.47,2.12
Estrees-Mons,2022-02-26,131.41,0.1931,322.5,4.34,4.27,192.09,0.2823,287.0,6.72,2.8,167.74,0.2465,287.0,5.28,2.8
Estrees-Mons,2022-03-06,125.71,0.1847,315.1,4.28,3.13,105.87,0.1556,264.1,5.36,2.37,89.68,0.1318,264.1,4.2,2.37
Estrees-Mons,2022-03-22,58.95,0.0866,359.5,13.34,2.78,106.02,0.1558,388.9,14.93,1.8,84.91,0.1248,388.9,13.38,1.8
Estrees-Mons,2022-03-23,43.7,0.0642,365.6,13.29,1.42,67.17,0.0987,393.5,14.44,1.01,43.14,0.0634,393.5,12.53,1.01
Estrees-Mons,2022-04-15,439.88,0.6464,493.3,16.0,2.81,375.92,0.5524,439.2,16.87,1.98,375.92,0.5524,439.2,16.09,1.98
Estrees-Mons,2022-04-24,185.11,0.272,518.4,16.37,3.42,175.81,0.2583,496.2,15.39,3.52,140.49,0.2064,496.2,13.57,3.52
Estrees-Mons,2022-05-09,76.49,0.1124,534.8,19.08,0.55,104.78,0.154,523.5,20.67,0.54,72.61,0.1067,523.5,19.4,0.54
Estrees-Mons,2022-05-17,0.0,0.0,550.1,24.19,2.2,0.0,0.0,523.1,24.77,1.0,0.0,0.0,523.1,23.89,1.0
Estrees-Mons,2022-05-18,141.77,0.2083,550.0,20.82,1.31,209.78,0.3083,529.3,22.9,1.26,163.38,0.2401,529.3,21.47,1.26
Estrees-Mons,2022-06-02,87.63,0.1288,635.0,18.14,2.26,13.1,0.0193,555.0,17.87,2.32,0.0,0.0,555.0,16.98,2.32
Estrees-Mons,2022-06-11,0.0,0.0,504.2,19.21,0.88,0.0,0.0,435.7,18.32,0.85,0.0,0.0,435.7,17.05,0.85
Estrees-Mons,2022-06-18,281.11,0.4131,538.7,29.93,1.61,270.52,0.3975,530.6,30.03,2.54,227.35,0.3341,530.6,28.55,2.54
Estrees-Mons,2022-07-04,222.17,0.3265,636.6,20.69,1.64,138.04,0.2028,510.5,20.96,1.57,112.55,0.1654,510.5,19.72,1.57
Estrees-Mons,2022-07-05,134.47,0.1976,568.5,19.92,1.36,105.18,0.1546,458.5,21.04,2.48,94.15,0.1383,458.5,20.48,2.48
Estrees-Mons,2022-07-12,333.69,0.4903,496.3,26.13,0.7,346.13,0.5086,529.8,26.31,0.54,320.85,0.4715,529.8,25.1,0.54
Estrees-Mons,2022-07-13,147.95,0.2174,522.0,31.07,2.29,103.19,0.1516,540.0,29.06,1.88,95.42,0.1402,540.0,28.54,1.88
Estrees-Mons,2022-07-29,11.51,0.0169,459.6,24.22,1.52,4.4,0.0065,511.1,24.0,1.61,0.0,0.0,511.1,23.16,1.61
Estrees-Mons,2022-08-05,79.81,0.1173,437.5,21.58,3.67,76.75,0.1128,382.8,21.2,3.14,64.55,0.0949,382.8,20.19,3.14
Estrees-Mons,2022-08-06,0.0,0.0,500.9,20.45,4.78,67.69,0.0995,518.6,21.01,3.39,57.45,0.0844,518.6,20.11,3.39
Estrees-Mons,2022-08-29,0.0,0.0,421.7,22.02,6.27,4.42,0.0065,397.2,21.62,4.0,0.0,0.0,397.2,20.35,4.0
Estrees-Mons,2022-08-30,13.8,0.0203,416.5,22.62,2.17,0.0,0.0,362.2,24.59,2.03,0.0,0.0,362.2,23.55,2.03
Estrees-Mons,2022-09-30,148.79,0.2186,372.3,13.99,2.86,171.42,0.2519,352.4,15.2,2.41,153.89,0.2261,352.4,14.08,2.41
Estrees-Mons,2022-10-08,153.36,0.2253,362.5,14.08,3.14,132.3,0.1944,289.9,14.72,1.9,122.95,0.1807,289.9,14.18,1.9
Estrees-Mons,2022-10-24,0.0,0.0,200.4,16.47,6.94,47.16,0.0693,219.1,17.29,5.16,28.2,0.0414,219.1,16.77,5.16
Estrees-Mons,2022-11-01,28.59,0.042,224.1,13.86,5.97,101.04,0.1485,229.3,14.57,5.42,51.92,0.0763,229.3,13.5,5.42
Estrees-Mons,2022-11-02,112.24,0.1649,210.3,12.37,3.9,135.74,0.1995,212.7,12.93,3.7,99.03,0.1455,212.7,11.98,3.7
Estrees-Mons,2022-11-10,132.54,0.1948,200.0,11.12,3.61,154.57,0.2271,196.8,12.92,3.2,126.52,0.1859,196.8,11.45,3.2
Estrees-Mons,2022-11-25,35.22,0.0518,138.7,8.79,2.72,38.88,0.0571,130.0,9.79,3.59,7.18,0.0105,130.0,8.78,3.59
Estrees-Mons,2022-11-26,3.55,0.0052,143.0,6.45,2.7,13.15,0.0193,116.8,7.79,2.67,0.0,0.0,116.8,6.71,2.67
Estrees-Mons,2023-02-14,49.15,0.0722,217.6,5.02,2.49,144.52,0.2124,233.8,8.29,1.27,66.2,0.0973,233.8,5.84,1.27
Estrees-Mons,2023-03-01,3.39,0.005,296.0,2.12,5.33,129.35,0.1901,278.9,3.41,3.56,88.11,0.1295,278.9,2.1,3.56
Estrees-Mons,2023-03-18,57.63,0.0847,393.4,13.14,4.44,70.03,0.1029,325.6,13.74,5.05,33.15,0.0487,325.6,12.7,5.05
Estrees-Mons,2023-04-03,61.4,0.0902,480.3,7.5,4.55,179.34,0.2635,433.0,8.31,3.61,147.18,0.2163,433.0,7.26,3.61
Estrees-Mons,2023-04-18,102.74,0.151,489.2,11.38,4.4,211.14,0.3103,412.7,12.85,3.53,177.59,0.261,412.7,11.76,3.53
Estrees-Mons,2023-05-04,185.66,0.2728,437.7,17.83,5.04,357.47,0.5253,482.2,19.49,3.42,314.59,0.4622,482.2,18.21,3.42
Estrees-Mons,2023-05-05,,,253.0,13.26,2.5,,,424.2,16.67,3.0,,,424.2,15.65,3.0
Estrees-Mons,2023-05-13,273.22,0.4015,578.3,17.15,2.87,324.51,0.4768,521.6,18.5,3.32,280.52,0.4122,521.6,17.24,3.32
Estrees-Mons,2023-05-20,194.98,0.2865,582.3,17.5,4.75,322.66,0.4741,544.6,17.53,4.16,289.78,0.4258,544.6,16.73,4.16
Estrees-Mons,2023-05-28,15.35,0.0226,561.9,21.36,4.43,167.92,0.2467,554.1,21.35,3.08,144.15,0.2118,554.1,20.34,3.08
Estrees-Mons,2023-05-29,0.0,0.0,570.1,17.6,5.46,117.5,0.1727,558.6,17.93,4.67,87.87,0.1291,558.6,16.9,4.67
Estrees-Mons,2023-06-05,54.32,0.0798,562.5,19.55,3.19,132.53,0.1947,559.5,20.63,3.54,104.29,0.1532,559.5,19.52,3.54
Estrees-Mons,2023-06-06,0.0,0.0,565.9,18.68,3.26,0.0,0.0,416.4,19.37,3.08,0.0,0.0,416.4,18.13,3.08
Estrees-Mons,2023-06-13,181.55,0.2668,597.7,25.12,2.98,223.42,0.3283,511.1,26.35,2.27,199.57,0.2932,511.1,25.65,2.27
Estrees-Mons,2023-06-14,143.64,0.2111,584.7,24.48,1.18,140.49,0.2064,509.6,25.58,1.89,113.24,0.1664,509.6,24.75,1.89
Estrees-Mons,2023-06-21,,,567.9,21.54,1.26,,,527.3,22.7,1.15,,,527.3,21.81,1.15
Estrees-Mons,2023-07-15,40.78,0.0599,430.1,22.54,5.11,0.0,0.0,271.9,22.44,4.8,0.0,0.0,271.9,22.0,4.8
Estrees-Mons,2023-08-09,151.34,0.2224,553.0,20.17,2.78,38.25,0.0562,369.3,19.94,2.15,12.73,0.0187,369.3,19.13,2.15
Estrees-Mons,2023-08-25,,,153.6,19.25,1.93,,,199.7,20.84,2.57,,,199.7,20.21,2.57
Estrees-Mons,2023-09-02,241.68,0.3551,505.5,23.13,1.74,180.6,0.2654,404.1,23.14,1.03,164.21,0.2413,404.1,22.04,1.03
Estrees-Mons,2023-09-09,135.75,0.1995,439.4,30.03,2.98,124.98,0.1836,437.9,28.99,1.28,106.8,0.1569,437.9,27.67,1.28
Estrees-Mons,2023-09-10,143.63,0.211,446.6,29.73,3.58,146.94,0.2159,429.2,28.95,2.52,130.45,0.1917,429.2,27.82,2.52
Estrees-Mons,2023-09-18,54.77,0.0805,389.4,20.24,5.8,182.37,0.268,400.0,21.91,4.53,142.16,0.2089,400.0,20.29,4.53
Estrees-Mons,2023-09-25,128.99,0.1895,343.1,17.39,1.83,195.47,0.2872,372.7,19.14,1.76,165.22,0.2428,372.7,17.75,1.76
Estrees-Mons,2023-09-26,100.14,0.1472,294.6,18.22,2.54,202.71,0.2979,338.4,20.69,2.05,166.66,0.2449,338.4,19.14,2.05
Estrees-Mons,2023-10-03,184.65,0.2713,279.6,17.62,6.52,44.5,0.0654,126.2,16.6,4.43,45.1,0.0663,126.2,16.63,4.43
Estrees-Mons,2023-12-31,112.14,0.1648,98.6,8.54,7.31,71.61,0.1052,86.4,8.41,5.07,71.61,0.1052,86.4,7.98,5.07
Gebesee,2022-01-14,,,84.5,1.99,4.88,,,73.4,2.69,2.55,,,73.4,2.54,2.55
Gebesee,2022-02-07,0.0,0.0,71.6,4.25,7.32,29.61,0.0435,115.2,3.56,4.72,26.07,0.0383,115.2,3.45,4.72
Gebesee,2022-02-23,140.16,0.2059,222.7,7.77,5.97,108.19,0.159,221.7,6.52,3.65,102.64,0.1508,221.7,6.36,3.65
Gebesee,2022-03-11,0.0,0.0,239.9,5.65,6.25,36.56,0.0537,312.8,4.43,2.97,32.8,0.0482,312.8,4.27,2.97
Gebesee,2022-03-19,,,246.2,7.47,5.13,,,301.6,6.05,3.08,,,301.6,5.99,3.08
Gebesee,2022-04-28,106.9,0.1571,367.7,14.88,1.57,32.05,0.0471,395.6,13.68,0.45,28.09,0.0413,395.6,13.55,0.45
Gebesee,2022-05-06,257.41,0.3782,451.7,16.8,1.88,218.14,0.3205,435.6,16.34,2.05,211.98,0.3115,435.6,16.19,2.05
Gebesee,2022-05-14,178.41,0.2622,445.6,18.01,3.45,243.45,0.3577,472.0,18.11,2.6,235.73,0.3464,472.0,17.91,2.6
Gebesee,2022-05-22,256.59,0.377,433.3,17.72,2.85,203.66,0.2993,360.2,17.32,1.57,198.9,0.2923,360.2,17.2,1.57
Gebesee,2022-06-15,311.06,0.4571,488.7,23.5,1.13,362.69,0.5329,519.8,23.96,0.38,352.1,0.5174,519.8,23.7,0.38
Gebesee,2022-07-17,,,,,,176.31,0.2591,512.7,20.68,0.77,173.4,0.2548,512.7,20.48,0.77
Gebesee,2022-07-25,295.48,0.4342,391.4,33.46,5.19,312.91,0.4598,501.4,31.93,3.4,308.31,0.453,501.4,31.7,3.4
Gebesee,2022-08-02,37.74,0.0555,315.5,23.99,1.79,31.26,0.0459,432.1,23.5,0.7,28.69,0.0422,432.1,23.23,0.7
Gebesee,2022-08-10,0.0,0.0,290.7,25.5,4.25,67.42,0.0991,467.3,25.23,2.33,65.52,0.0963,467.3,25.05,2.33
Gebesee,2022-09-03,0.0,0.0,237.2,22.51,5.09,53.64,0.0788,410.0,20.25,2.89,51.33,0.0754,410.0,20.04,2.89
Gebesee,2022-10-05,59.27,0.0871,265.2,17.2,6.67,73.7,0.1083,254.5,15.92,3.38,70.87,0.1041,254.5,15.77,3.38
Gebesee,2022-11-06,89.7,0.1318,198.7,9.93,1.17,6.2,0.0091,171.3,8.6,2.77,4.86,0.0071,171.3,8.52,2.77
Gebesee,2023-04-07,,,,,,54.9,0.0807,437.5,9.64,2.08,52.08,0.0765,437.5,9.44,2.08
Gebesee,2023-05-09,,,,,,19.03,0.028,503.9,17.6,2.2,15.46,0.0227,503.9,17.36,2.2
Gebesee,2023-05-25,,,,,,,,419.5,14.91,1.09,,,419.5,14.84,1.09
Gebesee,2023-06-02,,,,,,0.0,0.0,295.8,13.72,1.68,0.0,0.0,295.8,13.8,1.68
Gebesee,2023-06-10,,,,,,59.38,0.0873,519.4,23.43,2.7,56.77,0.0834,519.4,23.28,2.7
Gebesee,2023-06-18,,,,,,173.2,0.2545,476.3,24.78,0.68,167.75,0.2465,476.3,24.57,0.68
Gebesee,2023-06-26,,,,,,463.11,0.6805,522.5,28.53,2.68,458.35,0.6735,522.5,28.35,2.68
Gebesee,2023-07-04,,,,,,194.43,0.2857,434.2,21.24,4.48,179.14,0.2632,434.2,20.86,4.48
Gebesee,2023-07-12,,,,,,181.34,0.2665,434.4,25.18,3.43,170.33,0.2503,434.4,24.89,3.43
Gebesee,2023-08-21,,,,,,146.05,0.2146,432.4,25.69,1.16,137.49,0.202,432.4,25.39,1.16
Gebesee,2023-09-06,,,,,,157.33,0.2312,403.3,24.35,1.3,155.15,0.228,403.3,24.28,1.3
Gebesee,2023-09-14,,,,,,56.34,0.0828,363.6,16.52,0.43,54.37,0.0799,363.6,16.45,0.43
Gebesee,2023-09-30,,,,,,0.0,0.0,281.7,16.1,1.4,0.0,0.0,281.7,16.02,1.4
Grignon,2022-01-01,144.71,0.2126,131.6,11.46,2.62,100.07,0.147,110.3,11.41,2.3,100.07,0.147,110.3,9.89,2.3
Grignon,2022-01-24,,,204.0,2.98,2.27,,,167.8,3.75,1.31,,,167.8,2.05,1.31
Grignon,2022-02-09,166.14,0.2441,276.9,6.51,1.06,0.0,0.0,161.7,5.32,0.56,0.0,0.0,161.7,4.03,0.56
Grignon,2022-02-18,,,85.4,11.67,6.69,,,,,,,,,,
Grignon,2022-02-25,243.8,0.3582,324.6,7.5,4.56,237.35,0.3488,291.7,8.24,3.83,175.34,0.2576,291.7,6.84,3.83
Grignon,2022-02-26,206.35,0.3032,300.7,6.34,4.49,247.46,0.3636,307.4,7.08,2.59,175.75,0.2582,307.4,5.45,2.59
Grignon,2022-03-06,151.3,0.2223,352.9,4.6,2.94,124.27,0.1826,286.3,6.0,2.24,63.4,0.0932,286.3,4.37,2.24
Grignon,2022-03-21,372.73,0.5477,472.4,14.63,2.18,289.93,0.426,396.0,14.55,1.8,225.23,0.3309,396.0,13.06,1.8
Grignon,2022-03-22,411.28,0.6043,435.8,13.76,3.45,390.95,0.5745,414.1,14.22,2.4,343.52,0.5048,414.1,12.8,2.4
Grignon,2022-04-14,475.63,0.6989,636.2,17.38,1.21,198.57,0.2918,355.4,16.99,0.89,155.79,0.2289,355.4,16.07,0.89
Grignon,2022-04-15,560.92,0.8242,598.6,16.86,1.93,504.18,0.7408,508.2,17.78,1.47,485.78,0.7138,508.2,16.8,1.47
Grignon,2022-04-22,335.88,0.4935,630.1,15.78,5.5,409.56,0.6018,529.8,16.18,3.52,346.58,0.5093,529.8,14.87,3.52
Grignon,2022-04-30,217.75,0.32,578.5,13.15,5.03,174.42,0.2563,405.8,12.92,2.46,123.3,0.1812,405.8,11.74,2.46
Grignon,2022-05-09,429.17,0.6306,598.8,20.08,1.05,401.32,0.5897,554.2,20.62,0.24,341.33,0.5016,554.2,19.3,0.24
Grignon,2022-05-16,347.44,0.5105,569.2,20.65,2.89,282.44,0.415,466.0,21.05,2.83,238.36,0.3502,466.0,20.09,2.83
Grignon,2022-05-17,280.23,0.4118,606.5,24.88,2.4,258.07,0.3792,552.2,25.63,1.63,206.73,0.3038,552.2,24.41,1.63
Grignon,2022-05-25,,,562.2,16.42,4.32,,,550.0,17.09,3.39,,,550.0,15.89,3.39
Grignon,2022-06-01,,,497.2,17.81,3.21,,,544.2,17.64,1.72,,,544.2,16.85,1.72
Grignon,2022-06-18,467.28,0.6866,532.9,32.28,3.02,429.39,0.6309,577.6,31.45,2.28,393.19,0.5777,577.6,30.07,2.28
Grignon,2022-07-04,267.72,0.3934,538.1,20.69,1.42,191.12,0.2808,508.0,20.79,1.16,172.98,0.2542,508.0,19.7,1.16
Grignon,2022-07-11,0.0,0.0,498.2,25.37,4.51,102.33,0.1504,579.1,25.61,2.67,86.11,0.1265,579.1,24.36,2.67
Grignon,2022-07-12,113.22,0.1664,462.8,27.73,2.12,37.06,0.0545,491.6,27.66,0.94,25.25,0.0371,491.6,26.61,0.94
Grignon,2022-07-27,,,361.2,21.14,2.97,,,414.0,21.59,2.12,,,414.0,20.62,2.12
Grignon,2022-08-04,,,447.2,23.01,3.66,,,532.4,25.48,2.38,,,532.4,23.38,2.38
Grignon,2022-08-12,0.0,0.0,445.2,30.56,5.59,71.61,0.1052,524.6,30.28,2.75,50.71,0.0745,524.6,28.57,2.75
Grignon,2022-08-29,0.0,0.0,388.8,22.96,4.43,27.35,0.0402,473.5,24.48,2.7,13.58,0.0199,473.5,23.16,2.7
Grignon,2022-09-21,,,360.9,16.41,4.19,,,407.4,16.88,2.27,,,407.4,15.54,2.27
Grignon,2022-09-30,187.61,0.2757,408.0,13.86,2.09,180.86,0.2658,380.6,15.76,1.74,156.44,0.2299,380.6,14.24,1.74
Grignon,2022-10-07,133.3,0.1959,333.0,16.79,1.76,89.93,0.1321,350.3,17.2,1.16,73.46,0.1079,350.3,15.94,1.16
Grignon,2022-10-31,111.72,0.1642,265.3,17.3,4.56,100.14,0.1471,256.3,16.82,1.92,67.88,0.0997,256.3,15.11,1.92
Grignon,2022-11-01,170.61,0.2507,260.0,14.08,6.12,200.58,0.2947,244.8,15.19,4.71,155.7,0.2288,244.8,13.86,4.71
Grignon,2022-11-24,186.89,0.2746,149.3,10.19,4.75,131.77,0.1936,158.3,10.84,3.05,100.21,0.1472,158.3,9.18,3.05
Grignon,2022-11-25,66.86,0.0982,120.7,8.89,3.57,133.55,0.1962,158.6,10.33,3.28,85.52,0.1257,158.6,8.79,3.28
Grignon,2022-12-27,138.13,0.203,125.1,6.48,1.95,79.02,0.1161,104.2,6.63,2.34,13.36,0.0196,104.2,5.14,2.34
Grignon,2023-01-11,166.07,0.244,131.7,9.88,5.73,86.83,0.1276,108.7,9.58,3.65,76.65,0.1126,108.7,8.88,3.65
Grignon,2023-02-13,60.93,0.0895,228.0,5.04,0.71,0.0,0.0,205.5,5.37,0.9,0.0,0.0,205.5,3.38,0.9
Grignon,2023-04-09,324.55,0.4769,417.1,14.66,2.7,306.95,0.451,490.9,14.41,1.4,231.84,0.3407,490.9,12.69,1.4
Grignon,2023-04-18,,,474.4,11.01,4.76,,,401.8,13.06,3.26,,,401.8,12.37,3.26
Grignon,2023-05-03,314.46,0.4621,555.8,16.2,3.86,343.04,0.5041,557.7,16.36,2.97,276.18,0.4058,557.7,14.85,2.97
Grignon,2023-05-19,420.68,0.6181,599.6,16.51,4.02,420.34,0.6176,576.3,16.59,2.84,361.26,0.5308,576.3,15.28,2.84
Grignon,2023-05-20,180.85,0.2657,575.1,17.6,5.41,337.8,0.4964,550.9,18.04,3.45,272.13,0.3999,550.9,16.56,3.45
Grignon,2023-05-27,223.79,0.3288,601.7,19.43,4.13,311.99,0.4584,579.9,19.78,2.51,253.59,0.3726,579.9,18.36,2.51
Grignon,2023-05-28,304.68,0.4477,552.5,21.16,3.49,394.04,0.579,580.6,22.29,2.95,333.55,0.4901,580.6,20.87,2.95
Grignon,2023-06-04,257.11,0.3778,564.0,22.67,5.47,314.88,0.4627,586.4,22.11,3.15,276.46,0.4062,586.4,20.95,3.15
Grignon,2023-06-05,241.69,0.3551,525.2,21.36,3.07,285.23,0.4191,582.4,22.49,2.8,241.44,0.3548,582.4,21.11,2.8
Grignon,2023-06-13,,,,,,305.29,0.4486,559.9,26.58,2.99,279.1,0.4101,559.9,25.36,2.99
Grignon,2023-06-21,166.1,0.2441,380.3,23.96,1.67,204.84,0.301,498.3,23.71,0.54,189.42,0.2783,498.3,22.82,0.54
Grignon,2023-06-28,168.04,0.2469,457.6,22.95,1.77,0.0,0.0,282.3,21.82,1.09,0.0,0.0,282.3,21.32,1.09
Grignon,2023-07-15,,,277.4,22.09,5.33,,,340.9,22.16,4.98,,,340.9,20.85,4.98
Grignon,2023-07-30,,,327.4,19.74,4.74,,,483.5,20.11,4.09,,,483.5,18.78,4.09
Grignon,2023-09-24,286.87,0.4215,398.5,17.52,4.41,289.63,0.4256,408.2,17.62,3.1,249.78,0.367,408.2,16.53,3.1
Grignon,2023-10-10,332.35,0.4883,298.7,23.52,2.18,296.0,0.4349,340.0,23.77,2.02,296.0,0.4349,340.0,21.8,2.02
Grignon,2023-10-19,,,,,,,,282.9,19.59,4.26,,,282.9,17.92,4.26
Grignon,2023-10-27,287.06,0.4218,289.8,13.73,4.65,108.08,0.1588,153.0,13.44,3.27,75.22,0.1105,153.0,12.61,3.27
Grignon,2023-12-06,77.45,0.1138,147.9,4.13,1.47,97.8,0.1437,143.7,5.95,0.39,60.29,0.0886,143.7,4.67,0.39
Klingenberg,2022-03-12,247.83,0.3642,384.2,4.46,2.35,139.01,0.2043,338.1,3.52,3.59,139.73,0.2053,338.1,3.55,3.59
Klingenberg,2022-03-20,189.87,0.279,430.4,6.09,7.95,226.93,0.3335,380.1,6.4,4.33,221.86,0.326,380.1,6.21,4.33
Klingenberg,2022-04-22,139.97,0.2057,530.0,10.18,3.8,173.32,0.2547,460.5,11.9,2.7,173.1,0.2544,460.5,11.88,2.7
Klingenberg,2022-05-07,73.7,0.1083,511.9,16.71,0.66,0.0,0.0,429.7,16.5,0.83,0.0,0.0,429.7,16.33,0.83
Klingenberg,2022-05-31,,,520.9,15.8,0.87,,,424.9,15.19,1.53,,,424.9,15.04,1.53
Klingenberg,2022-06-17,298.0,0.4379,573.4,18.82,1.71,250.75,0.3684,528.7,19.19,1.41,249.59,0.3667,528.7,19.14,1.41
Klingenberg,2022-07-02,,,483.7,18.68,1.11,,,511.6,19.55,0.47,,,511.6,19.43,0.47
Klingenberg,2022-07-03,,,528.6,22.85,1.79,,,555.3,22.71,1.58,,,555.3,22.52,1.58
Klingenberg,2022-07-11,,,,,,,,490.8,16.02,2.42,,,490.8,15.89,2.42
Klingenberg,2022-07-19,222.8,0.3274,538.0,29.34,1.3,178.05,0.2616,532.6,28.68,0.19,173.91,0.2555,532.6,28.47,0.19
Klingenberg,2022-08-03,174.4,0.2563,537.1,27.65,2.06,118.39,0.174,510.3,26.64,0.2,114.89,0.1688,510.3,26.44,0.2
Klingenberg,2022-08-04,,,,,,146.03,0.2146,493.7,29.44,1.46,143.55,0.2109,493.7,29.29,1.46
Klingenberg,2022-08-11,,,,,,65.99,0.097,491.0,23.26,2.53,65.23,0.0959,491.0,23.2,2.53
Klingenberg,2022-08-12,,,,,,0.0,0.0,354.7,21.19,2.67,0.0,0.0,354.7,21.18,2.67
Klingenberg,2022-09-04,,,,,,10.48,0.0154,430.3,19.6,0.98,9.03,0.0133,430.3,19.47,0.98
Klingenberg,2022-10-15,,,86.9,13.51,3.7,,,125.1,13.94,1.59,,,125.1,13.73,1.59
Klingenberg,2022-11-15,171.66,0.2522,175.0,11.89,3.43,0.0,0.0,152.4,7.2,1.75,0.0,0.0,152.4,7.1,1.75
Klingenberg,2022-12-25,107.52,0.158,114.9,6.65,3.99,7.24,0.0106,76.8,4.02,1.67,10.16,0.0149,76.8,4.16,1.67
Klingenberg,2023-05-19,443.32,0.6514,603.8,13.28,3.06,196.18,0.2883,337.4,13.06,2.8,198.08,0.2911,337.4,13.11,2.8
Klingenberg,2023-05-27,189.36,0.2782,579.2,13.15,2.51,204.06,0.2998,552.7,14.4,1.83,204.46,0.3004,552.7,14.41,1.83
Klingenberg,2023-06-03,96.34,0.1416,589.9,14.96,3.4,183.65,0.2698,555.7,15.72,2.35,179.02,0.263,555.7,15.57,2.35
Klingenberg,2023-06-11,246.95,0.3629,602.6,20.78,3.95,267.59,0.3932,491.0,21.34,2.91,262.63,0.3859,491.0,21.2,2.91
Klingenberg,2023-08-14,243.01,0.3571,499.3,26.73,3.06,171.93,0.2526,449.4,25.3,2.1,169.18,0.2486,449.4,25.14,2.1
Klingenberg,2023-08-15,131.58,0.1933,453.1,28.56,2.81,87.27,0.1282,454.5,26.45,0.78,83.69,0.123,454.5,26.19,0.78
Klingenberg,2023-08-23,,,551.8,23.01,1.28,,,465.0,22.89,1.0,,,465.0,22.91,1.0
Klingenberg,2023-09-07,185.75,0.2729,448.5,24.4,2.89,137.94,0.2027,425.0,23.06,1.81,135.44,0.199,425.0,22.88,1.81
Klingenberg,2023-09-15,98.76,0.1451,463.8,16.8,4.46,165.68,0.2434,397.9,18.25,2.3,163.14,0.2397,397.9,18.12,2.3
Klingenberg,2023-09-16,93.19,0.1369,425.0,19.5,3.32,99.6,0.1463,395.8,19.67,2.16,97.31,0.143,395.8,19.53,2.16
Klingenberg,2023-10-01,0.0,0.0,350.7,15.7,4.75,87.96,0.1292,315.7,16.65,2.41,87.88,0.1291,315.7,16.65,2.41
Lamasquere,2022-01-01,,,,,,170.33,0.2503,201.6,13.87,0.52,170.33,0.2503,201.6,10.94,0.52
Lamasquere,2022-01-02,,,,,,,,174.4,13.3,0.73,,,174.4,11.22,0.73
Lamasquere,2022-01-25,,,,,,205.03,0.3013,234.6,8.16,0.94,194.0,0.2851,234.6,6.05,0.94
Lamasquere,2022-01-26,,,,,,122.02,0.1793,219.6,5.38,0.49,69.18,0.1017,219.6,3.26,0.49
Lamasquere,2022-02-10,67.16,0.0987,242.3,9.08,0.95,223.65,0.3286,304.9,13.11,1.13,145.65,0.214,304.9,10.39,1.13
Lamasquere,2022-02-18,,,,,,213.95,0.3144,333.2,14.12,1.04,147.44,0.2166,333.2,11.94,1.04
Lamasquere,2022-02-26,,,,,,185.61,0.2727,368.6,9.49,2.76,122.03,0.1793,368.6,7.52,2.76
Lamasquere,2022-03-22,,,,,,446.0,0.6554,472.9,13.88,6.31,446.0,0.6554,472.9,12.78,6.31
Lamasquere,2022-03-23,,,,,,277.16,0.4073,486.4,13.82,5.31,218.59,0.3212,486.4,12.65,5.31
Lamasquere,2022-04-07,6.73,0.0099,430.2,10.82,4.95,460.3,0.6764,496.8,16.89,4.68,435.02,0.6392,496.8,15.67,4.68
Lamasquere,2022-04-15,,,509.2,9.97,3.32,,,529.1,18.28,1.82,,,529.1,16.89,1.82
Lamasquere,2022-05-01,0.0,0.0,513.5,10.23,2.9,303.8,0.4464,500.9,17.92,2.2,260.07,0.3821,500.9,16.86,2.2
Lamasquere,2022-05-10,298.92,0.4392,592.8,18.69,2.07,540.42,0.7941,598.3,24.8,1.46,493.83,0.7256,598.3,23.67,1.46
Lamasquere,2022-05-18,295.97,0.4349,604.9,18.73,1.46,549.33,0.8072,584.5,28.48,2.58,549.33,0.8072,584.5,27.19,2.58
Lamasquere,2022-06-03,0.0,0.0,614.1,21.43,2.79,150.88,0.2217,603.1,28.35,2.81,122.36,0.1798,603.1,26.89,2.81
Lamasquere,2022-06-11,153.49,0.2255,639.2,22.51,2.34,219.9,0.3231,584.7,27.56,0.91,201.2,0.2956,584.7,26.51,0.91
Lamasquere,2022-06-18,0.0,0.0,589.5,27.41,4.64,252.33,0.3708,611.4,35.23,4.21,224.46,0.3298,611.4,33.93,4.21
Lamasquere,2022-07-04,,,,,,12.15,0.0179,324.6,21.61,2.39,0.0,0.0,324.6,20.4,2.39
Lamasquere,2022-07-05,,,,,,145.38,0.2136,529.6,25.45,1.62,126.18,0.1854,529.6,24.16,1.62
Lamasquere,2022-07-13,18.72,0.0275,510.8,26.27,1.46,90.19,0.1325,583.1,32.02,0.79,75.43,0.1108,583.1,30.72,0.79
Lamasquere,2022-07-28,,,333.2,17.08,1.86,,,506.4,25.18,1.06,,,506.4,23.69,1.06
Lamasquere,2022-07-29,12.29,0.0181,389.2,15.03,1.45,200.06,0.294,460.9,23.38,1.26,164.36,0.2415,460.9,21.36,1.26
Lamasquere,2022-08-29,96.68,0.1421,367.4,23.81,2.66,285.14,0.419,489.8,32.57,3.27,250.16,0.3676,489.8,30.5,3.27
Lamasquere,2022-09-15,,,,,,126.74,0.1862,449.3,27.66,2.11,110.53,0.1624,449.3,26.47,2.11
Lamasquere,2022-09-23,,,,,,311.24,0.4573,425.1,25.42,2.13,311.24,0.4573,425.1,23.28,2.13
Lamasquere,2022-09-30,116.62,0.1714,514.2,9.48,3.46,136.47,0.2005,325.6,14.62,2.77,118.61,0.1743,325.6,13.41,2.77
Lamasquere,2022-10-16,0.0,0.0,354.7,17.03,5.56,130.88,0.1923,373.3,24.61,3.87,108.1,0.1588,373.3,23.19,3.87
Lamasquere,2022-10-25,2.6,0.0038,261.0,15.1,2.41,115.75,0.1701,310.9,23.53,3.48,86.72,0.1274,310.9,21.55,3.48
Lamasquere,2022-11-01,,,340.7,14.02,1.07,,,266.7,18.05,0.78,,,266.7,17.09,0.78
Lamasquere,2022-12-19,151.07,0.222,170.4,9.34,4.35,158.61,0.2331,181.2,13.41,3.07,158.61,0.2331,181.2,12.05,3.07
Lamasquere,2022-12-28,,,131.8,6.76,2.71,,,196.4,13.19,2.54,,,196.4,11.19,2.54
Lamasquere,2023-02-13,0.0,0.0,253.6,4.28,3.56,172.55,0.2535,314.5,10.67,2.44,95.84,0.1408,314.5,8.53,2.44
Lamasquere,2023-02-14,0.0,0.0,245.1,5.08,4.81,166.77,0.245,278.0,11.96,3.19,107.88,0.1585,278.0,10.36,3.19
Lamasquere,2023-03-01,0.0,0.0,320.5,-0.66,3.5,69.93,0.1027,342.9,3.86,1.94,41.0,0.0602,342.9,2.98,1.94
Lamasquere,2023-03-25,,,,,,192.33,0.2826,432.9,14.97,1.87,177.41,0.2607,432.9,14.17,1.87
Lamasquere,2023-04-18,16.64,0.0244,467.7,13.75,1.85,25.61,0.0376,491.2,14.71,1.24,13.91,0.0204,491.2,13.73,1.24
Lamasquere,2023-04-19,0.0,0.0,527.0,14.0,3.73,147.3,0.2164,570.4,18.44,2.39,126.85,0.1864,570.4,16.94,2.39
Lamasquere,2023-05-04,38.53,0.0566,558.8,18.6,1.57,78.81,0.1158,584.5,20.73,0.82,55.61,0.0817,584.5,19.22,0.82
Lamasquere,2023-05-28,52.44,0.0771,563.9,23.6,1.35,93.11,0.1368,605.0,25.46,0.81,79.46,0.1168,605.0,24.71,0.81
Lamasquere,2023-05-29,0.0,0.0,575.0,20.37,1.74,27.85,0.0409,572.4,23.18,1.1,11.16,0.0164,572.4,22.13,1.1
Lamasquere,2023-06-05,0.0,0.0,492.9,20.67,1.16,0.0,0.0,548.8,23.75,0.44,0.0,0.0,548.8,23.2,0.44
Lamasquere,2023-07-07,0.0,0.0,640.1,19.98,4.02,380.51,0.5591,609.6,28.39,4.09,337.81,0.4964,609.6,27.22,4.09
Lamasquere,2023-07-08,0.0,0.0,658.6,21.5,2.23,157.74,0.2318,580.5,28.85,0.74,120.71,0.1774,580.5,27.62,0.74
Lamasquere,2023-07-16,30.43,0.0447,625.0,18.29,1.61,158.1,0.2323,579.7,23.23,1.68,119.28,0.1753,579.7,21.97,1.68
Lamasquere,2023-07-23,4.83,0.0071,589.0,19.87,2.01,263.48,0.3871,567.7,27.69,0.49,214.13,0.3146,567.7,26.19,0.49
Lamasquere,2023-07-31,0.62,0.0009,592.9,16.87,2.12,212.14,0.3117,573.7,24.2,1.69,172.34,0.2532,573.7,22.86,1.69
Lamasquere,2023-08-08,0.0,0.0,561.8,18.87,1.37,165.12,0.2426,562.5,25.27,0.99,134.25,0.1973,562.5,24.14,0.99
Lamasquere,2023-08-09,0.0,0.0,559.5,20.59,2.14,192.95,0.2835,570.2,29.12,1.57,155.42,0.2284,570.2,27.81,1.57
Lamasquere,2023-08-17,,,,,,,,547.9,31.02,2.64,387.7,0.5697,547.9,29.24,2.64
Lamasquere,2023-08-24,,,,,,37.75,0.0555,535.3,37.53,2.57,20.16,0.0296,535.3,36.02,2.57
Lamasquere,2023-09-01,0.0,0.0,464.2,18.52,3.35,135.89,0.1997,526.2,28.2,2.59,115.06,0.1691,526.2,26.49,2.59
Lamasquere,2023-09-09,0.0,0.0,425.8,20.07,3.72,70.91,0.1042,500.4,30.42,3.75,47.92,0.0704,500.4,28.68,3.75
Lamasquere,2023-09-10,0.0,0.0,412.0,21.78,1.72,0.0,0.0,488.2,29.84,1.85,0.0,0.0,488.2,28.17,1.85
Lamasquere,2023-09-18,89.78,0.1319,445.7,18.81,1.06,150.33,0.2209,385.8,25.59,1.71,133.97,0.1969,385.8,24.53,1.71
Lamasquere,2023-09-25,0.0,0.0,394.3,17.42,1.35,77.9,0.1145,447.4,24.43,0.48,56.69,0.0833,447.4,22.77,0.48
Lamasquere,2023-09-26,0.0,0.0,388.9,19.65,1.6,90.38,0.1328,448.6,26.59,0.69,67.71,0.0995,448.6,24.85,0.69
Lamasquere,2023-10-04,31.95,0.0469,366.0,15.96,2.36,64.07,0.0941,332.3,22.4,0.86,46.06,0.0677,332.3,21.07,0.86
Lamasquere,2023-10-11,0.0,0.0,333.0,18.4,1.92,82.58,0.1213,385.3,27.06,1.02,58.23,0.0856,385.3,25.25,1.02
Lamasquere,2023-10-12,0.0,0.0,337.3,18.43,2.2,114.43,0.1681,390.4,27.51,1.0,89.24,0.1311,390.4,25.69,1.0
Lamasquere,2023-10-28,,,,,,210.02,0.3086,333.5,19.15,2.38,176.35,0.2591,333.5,17.12,2.38
Lamasquere,2023-11-13,91.64,0.1346,287.8,13.91,1.03,179.55,0.2638,247.8,20.4,0.46,151.49,0.2226,247.8,18.11,0.46
Lamasquere,2023-12-30,42.76,0.0628,207.9,7.63,1.09,45.56,0.0669,149.5,9.93,0.86,18.96,0.0279,149.5,8.38,0.86
Lonzee,2022-02-11,115.41,0.1696,208.1,4.66,4.07,111.01,0.1631,181.2,5.21,3.96,90.17,0.1325,181.2,4.35,3.96
Lonzee,2022-02-12,223.42,0.3283,235.9,2.68,4.31,107.3,0.1577,141.4,3.43,2.89,107.3,0.1577,141.4,3.46,2.89
Lonzee,2022-03-08,268.25,0.3942,312.4,5.59,4.07,161.2,0.2369,267.4,4.74,3.68,158.14,0.2324,267.4,4.63,3.68
Lonzee,2022-03-23,195.46,0.2872,346.3,14.87,1.96,210.02,0.3086,391.0,15.75,0.98,173.44,0.2549,391.0,14.31,0.98
Lonzee,2022-03-24,218.1,0.3205,347.7,15.77,2.03,132.62,0.1949,314.7,15.11,1.01,135.11,0.1985,314.7,15.21,1.01
Lonzee,2022-04-09,78.73,0.1157,434.3,7.67,4.13,137.23,0.2016,388.8,7.54,3.16,137.23,0.2016,388.8,7.54,3.16
Lonzee,2022-04-17,284.7,0.4183,514.4,14.51,2.79,153.35,0.2253,431.5,13.07,1.97,154.11,0.2264,431.5,13.09,1.97
Lonzee,2022-04-24,203.37,0.2988,508.8,14.45,4.3,329.77,0.4846,501.8,15.06,3.84,280.13,0.4116,501.8,13.88,3.84
Lonzee,2022-05-03,221.47,0.3254,547.5,14.39,2.98,73.99,0.1087,373.1,13.7,2.49,71.53,0.1051,373.1,13.64,2.49
Lonzee,2022-05-11,,,605.4,19.74,3.77,,,473.8,19.86,3.11,,,473.8,19.9,3.11
Lonzee,2022-05-18,311.32,0.4575,613.2,22.59,1.01,163.68,0.2405,443.9,22.63,1.14,112.41,0.1652,443.9,21.43,1.14
Lonzee,2022-06-11,308.16,0.4528,620.5,19.02,1.62,132.79,0.1951,425.8,18.59,2.03,99.93,0.1468,425.8,17.78,2.03
Lonzee,2022-06-28,,,618.0,20.37,1.53,,,490.8,19.7,1.15,,,490.8,19.77,1.15
Lonzee,2022-07-13,238.29,0.3501,618.1,28.67,2.8,173.75,0.2553,521.3,27.9,2.79,155.87,0.229,521.3,26.99,2.79
Lonzee,2022-07-29,40.49,0.0595,451.3,23.38,2.2,46.91,0.0689,504.6,23.21,2.11,37.51,0.0551,504.6,22.29,2.11
Lonzee,2022-08-06,10.66,0.0157,420.0,18.57,3.2,79.6,0.117,466.4,19.28,2.43,68.57,0.1008,466.4,18.31,2.43
Lonzee,2022-08-07,,,375.9,21.43,3.1,,,439.4,20.48,2.37,,,439.4,20.54,2.37
Lonzee,2022-08-14,196.19,0.2883,369.9,29.53,3.1,220.89,0.3246,437.3,29.79,2.72,207.54,0.305,437.3,28.91,2.72
Lonzee,2022-10-01,148.64,0.2184,357.5,16.16,6.76,144.36,0.2121,277.4,16.43,4.39,124.66,0.1832,277.4,15.47,4.39
Lonzee,2022-11-02,153.07,0.2249,208.1,12.41,4.8,143.48,0.2108,208.5,12.58,3.7,114.69,0.1685,208.5,11.55,3.7
Lonzee,2022-11-10,190.53,0.28,190.7,12.19,4.51,149.9,0.2203,185.2,12.56,3.57,129.61,0.1904,185.2,11.2,3.57
Lonzee,2022-12-12,131.8,0.1937,205.3,-2.34,2.43,79.91,0.1174,83.6,-0.03,2.09,74.26,0.1091,83.6,-1.1,2.09
Lonzee,2022-12-13,,,137.5,-2.8,2.67,,,,,,,,,,
Lonzee,2023-02-07,154.95,0.2277,276.9,0.73,2.05,60.07,0.0883,131.0,1.3,1.26,59.96,0.0881,131.0,1.29,1.26
Lonzee,2023-02-14,147.2,0.2163,253.8,7.59,2.65,170.32,0.2503,232.5,9.4,1.56,137.12,0.2015,232.5,7.37,1.56
Lonzee,2023-04-03,236.04,0.3468,527.8,7.02,5.43,254.89,0.3745,432.3,7.62,3.78,242.27,0.356,432.3,6.85,3.78
Lonzee,2023-04-04,232.11,0.3411,527.3,5.73,4.88,200.57,0.2947,382.2,5.26,2.55,200.58,0.2947,382.2,5.26,2.55
Lonzee,2023-05-13,,,,,,302.48,0.4445,502.0,18.36,2.65,283.87,0.4171,502.0,17.12,2.65
Lonzee,2023-05-21,,,,,,,,419.1,18.53,3.25,,,419.1,17.32,3.25
Lonzee,2023-06-06,68.43,0.1005,521.3,18.82,2.71,121.6,0.1787,556.6,20.85,2.58,100.3,0.1474,556.6,19.3,2.58
Lonzee,2023-06-07,0.0,0.0,528.8,21.35,3.44,16.12,0.0237,475.6,21.09,2.59,17.73,0.0261,475.6,21.22,2.59
Lonzee,2023-06-14,215.65,0.3169,585.7,23.7,4.1,306.37,0.4502,540.4,24.48,2.98,295.46,0.4341,540.4,24.06,2.98
Lonzee,2023-07-08,449.93,0.6611,569.1,28.66,1.39,409.12,0.6012,543.7,28.11,1.53,361.92,0.5318,543.7,26.96,1.53
Lonzee,2023-09-10,161.17,0.2368,380.6,29.0,2.31,160.62,0.236,423.4,28.37,1.66,147.36,0.2165,423.4,27.37,1.66
Lonzee,2023-09-11,,,386.5,26.15,1.06,,,345.4,24.43,0.99,,,345.4,24.54,0.99
Selhausen,2022-01-28,147.13,0.2162,230.7,5.96,2.45,0.0,0.0,65.4,4.1,2.75,0.0,0.0,65.4,3.92,2.75
Selhausen,2022-02-28,282.26,0.4147,388.0,6.26,4.39,160.22,0.2354,234.8,5.96,2.28,160.41,0.2357,234.8,5.97,2.28
Selhausen,2022-03-08,229.52,0.3373,385.6,6.48,6.55,112.77,0.1657,274.1,5.17,4.12,110.31,0.1621,274.1,5.04,4.12
Selhausen,2022-03-24,,,418.2,15.56,2.02,,,338.0,13.81,0.81,,,338.0,13.82,0.81
Selhausen,2022-04-10,,,469.5,8.75,3.38,,,373.5,7.53,2.01,,,373.5,7.41,2.01
Selhausen,2022-04-17,167.58,0.2462,555.9,14.19,5.36,133.07,0.1955,447.8,12.26,2.83,132.59,0.1948,447.8,12.22,2.83
Selhausen,2022-04-18,186.74,0.2744,552.7,15.96,3.68,109.72,0.1612,442.6,14.33,1.79,109.04,0.1602,442.6,14.27,1.79
Selhausen,2022-05-03,105.02,0.1543,533.2,16.1,2.93,44.47,0.0653,438.6,14.75,2.08,41.9,0.0616,438.6,14.52,2.08
Selhausen,2022-05-11,78.56,0.1154,593.2,23.36,3.52,39.52,0.0581,472.5,21.98,2.94,36.45,0.0536,472.5,21.69,2.94
Selhausen,2022-05-12,144.58,0.2124,584.6,18.8,2.92,0.0,0.0,345.6,17.14,2.46,0.0,0.0,345.6,16.96,2.46
Selhausen,2022-05-19,,,423.2,26.21,4.45,,,366.0,24.4,3.02,,,366.0,24.41,3.02
Selhausen,2022-06-04,284.07,0.4174,573.8,20.94,2.01,181.1,0.2661,435.9,21.1,2.22,177.27,0.2605,435.9,20.88,2.22
Selhausen,2022-06-12,344.24,0.5058,675.7,21.36,1.84,163.36,0.24,504.8,19.98,1.81,158.67,0.2331,504.8,19.81,1.81
Selhausen,2022-06-28,337.3,0.4956,652.1,22.16,1.98,134.86,0.1982,500.3,20.22,0.87,131.05,0.1926,500.3,20.1,0.87
Selhausen,2022-07-23,295.47,0.4342,610.7,21.95,1.57,155.57,0.2286,485.5,21.34,0.92,149.69,0.22,485.5,21.18,0.92
Selhausen,2022-07-30,190.02,0.2792,594.3,21.99,2.06,39.0,0.0573,460.8,21.23,1.86,32.49,0.0477,460.8,21.04,1.86
Selhausen,2022-08-07,264.75,0.389,583.1,23.13,2.18,74.09,0.1089,449.4,21.38,1.62,64.89,0.0953,449.4,21.13,1.62
Selhausen,2022-08-16,420.39,0.6177,510.7,27.23,1.33,289.09,0.4248,412.4,26.39,0.95,280.53,0.4122,412.4,26.19,0.95
Selhausen,2022-09-01,268.19,0.3941,528.9,23.23,2.97,118.2,0.1737,402.6,21.64,2.41,109.3,0.1606,402.6,21.4,2.41
Selhausen,2022-10-10,,,,,,172.26,0.2531,235.3,17.1,1.99,172.26,0.2531,235.3,16.98,1.99
Selhausen,2022-10-26,,,318.9,20.28,2.14,,,181.2,18.41,2.69,,,181.2,18.27,2.69
Selhausen,2022-12-13,,,,,,37.18,0.0546,50.6,-2.07,2.45,37.18,0.0546,50.6,-2.11,2.45
Selhausen,2023-02-07,240.34,0.3532,245.0,1.09,4.26,104.69,0.1538,137.2,1.06,2.11,102.09,0.15,137.2,1.0,2.11
Selhausen,2023-02-08,268.88,0.3951,249.3,1.74,3.44,123.21,0.181,144.6,2.56,1.88,123.21,0.181,144.6,2.6,1.88
Selhausen,2023-04-04,267.28,0.3927,523.5,5.96,3.29,138.51,0.2035,392.0,4.96,1.87,130.09,0.1912,392.0,4.74,1.87
Selhausen,2023-04-05,282.71,0.4154,511.3,7.99,1.38,118.24,0.1737,390.9,7.45,0.6,112.76,0.1657,390.9,7.31,0.6
Selhausen,2023-04-28,208.77,0.3068,196.1,14.86,1.62,122.99,0.1807,136.6,14.49,2.3,122.99,0.1807,136.6,14.34,2.3
Selhausen,2023-05-14,513.41,0.7544,595.2,17.63,2.38,371.61,0.546,460.9,17.52,0.69,366.75,0.5389,460.9,17.41,0.69
Selhausen,2023-05-30,626.09,0.92,630.5,16.36,2.55,476.84,0.7007,502.2,15.0,2.58,466.87,0.686,502.2,14.79,2.58
Selhausen,2023-05-31,449.99,0.6612,638.4,21.97,2.22,240.7,0.3537,510.9,20.28,2.42,229.32,0.337,510.9,20.01,2.42
Selhausen,2023-06-15,371.24,0.5455,651.7,23.95,2.29,161.04,0.2366,458.9,23.02,1.78,152.08,0.2235,458.9,22.79,1.78
Selhausen,2023-06-16,380.53,0.5591,643.9,24.41,1.47,195.75,0.2876,488.6,23.32,1.36,187.65,0.2757,488.6,23.12,1.36
Selhausen,2023-06-23,437.85,0.6434,658.4,22.43,2.71,180.15,0.2647,425.2,20.84,2.65,172.95,0.2541,425.2,20.64,2.65
Selhausen,2023-07-09,578.5,0.85,617.2,35.3,2.62,384.89,0.5655,486.8,31.52,1.82,380.4,0.559,486.8,31.34,1.82
Selhausen,2023-07-10,,,656.4,25.23,2.85,,,497.8,22.77,1.98,,,497.8,22.57,1.98
Selhausen,2023-08-02,,,,,,,,89.0,18.47,4.02,,,89.0,18.44,4.02
Selhausen,2023-08-10,,,,,,50.67,0.0744,457.0,19.04,0.59,49.6,0.0729,457.0,18.96,0.59
Selhausen,2023-08-18,,,,,,140.12,0.2059,359.9,23.57,1.77,138.25,0.2031,359.9,23.46,1.77
Selhausen,2023-08-26,,,,,,,,395.8,19.32,3.46,,,395.8,19.09,3.46
Selhausen,2023-09-04,,,,,,182.1,0.2676,390.2,21.03,2.29,182.04,0.2675,390.2,21.03,2.29
Selhausen,2023-09-11,144.6,0.2125,457.1,29.38,2.16,27.1,0.0398,366.4,27.22,1.1,25.01,0.0367,366.4,27.03,1.1
Selhausen,2023-10-06,228.82,0.3362,361.2,18.66,1.83,63.01,0.0926,236.4,16.85,3.0,59.04,0.0868,236.4,16.64,3.0
Selhausen,2023-10-13,326.39,0.4796,336.3,24.48,4.88,172.14,0.2529,223.2,21.98,4.53,172.14,0.2529,223.2,21.76,4.53
Selhausen,2023-10-21,,,354.4,16.15,5.39,,,211.1,14.46,4.77,,,211.1,14.23,4.77
Selhausen,2023-12-17,,,175.2,7.57,1.13,,,,,,,,,,
Voulundgaard,2022-01-28,,,85.1,5.29,3.47,,,,,,,,,,
Voulundgaard,2022-02-05,,,113.8,4.84,4.92,,,70.9,4.34,4.43,,,70.9,4.46,4.43
Voulundgaard,2022-02-21,,,162.1,5.51,6.69,,,127.9,4.93,5.74,,,127.9,5.03,5.74
Voulundgaard,2022-02-28,209.78,0.3082,250.7,5.52,3.86,103.77,0.1525,185.6,3.74,3.17,104.86,0.1541,185.6,3.8,3.17
Voulundgaard,2022-03-08,129.19,0.1898,265.6,4.57,2.52,39.27,0.0577,217.5,3.85,1.92,41.03,0.0603,217.5,3.97,1.92
Voulundgaard,2022-03-24,72.51,0.1065,348.4,13.57,2.04,0.0,0.0,310.1,10.03,0.94,0.0,0.0,310.1,9.94,0.94
Voulundgaard,2022-04-02,,,365.0,5.89,3.73,,,340.4,3.85,2.22,,,340.4,3.94,2.22
Voulundgaard,2022-04-17,77.55,0.114,454.3,14.36,2.27,0.0,0.0,427.7,11.54,1.12,0.0,0.0,427.7,11.54,1.12
Voulundgaard,2022-04-18,26.23,0.0385,460.0,14.82,3.33,7.35,0.0108,432.7,12.56,2.2,8.29,0.0122,432.7,12.63,2.2
Voulundgaard,2022-05-03,,,280.7,14.53,2.96,,,470.6,13.55,1.93,,,470.6,13.5,1.93
Voulundgaard,2022-05-12,0.0,0.0,596.2,14.33,6.0,0.0,0.0,388.4,13.09,4.91,0.0,0.0,388.4,13.11,4.91
Voulundgaard,2022-05-20,33.31,0.0489,513.0,16.64,3.29,0.0,0.0,412.0,14.65,2.04,0.0,0.0,412.0,14.59,2.04
Voulundgaard,2022-06-04,0.0,0.0,369.3,15.42,1.62,0.0,0.0,504.8,16.12,0.99,0.0,0.0,504.8,16.06,0.99
Voulundgaard,2022-06-05,145.8,0.2142,555.2,18.87,2.22,60.73,0.0892,512.4,17.89,0.56,59.63,0.0876,512.4,17.81,0.56
Voulundgaard,2022-06-20,232.11,0.3411,568.1,15.16,1.85,65.96,0.0969,391.5,14.48,1.93,70.8,0.104,391.5,14.65,1.93
Voulundgaard,2022-08-16,,,472.1,26.42,2.41,,,171.1,21.06,2.45,,,171.1,21.17,2.45
Voulundgaard,2022-08-31,251.93,0.3702,394.2,19.66,3.02,161.45,0.2372,373.8,17.69,2.98,163.75,0.2406,373.8,17.79,2.98
Voulundgaard,2022-09-01,,,487.6,21.14,2.12,,,358.4,17.89,1.66,,,358.4,17.93,1.66
Voulundgaard,2022-09-17,168.58,0.2477,257.8,16.12,4.15,6.36,0.0093,153.2,13.64,1.98,5.48,0.008,153.2,13.6,1.98
Voulundgaard,2022-09-25,,,311.8,15.34,1.7,,,240.6,12.8,1.0,,,240.6,12.91,1.0
Voulundgaard,2022-10-02,12.38,0.0182,207.7,14.98,4.84,17.13,0.0252,208.4,13.67,4.19,19.37,0.0285,208.4,13.76,4.19
Voulundgaard,2022-10-03,108.02,0.1587,300.6,15.56,5.95,51.38,0.0755,215.3,14.3,4.23,53.23,0.0782,215.3,14.37,4.23
Voulundgaard,2022-10-10,200.95,0.2953,210.3,13.22,4.47,124.42,0.1828,207.8,11.69,3.6,127.64,0.1875,207.8,11.8,3.6
Voulundgaard,2022-10-11,116.75,0.1715,289.0,13.01,4.93,9.66,0.0142,175.4,12.21,4.97,13.22,0.0194,175.4,12.31,4.97
Voulundgaard,2022-10-19,96.92,0.1424,212.0,11.08,2.67,0.0,0.0,172.7,9.3,1.1,0.0,0.0,172.7,9.34,1.1
Voulundgaard,2023-03-03,29.5,0.0433,182.4,4.29,1.74,31.06,0.0456,191.6,5.14,1.83,33.14,0.0487,191.6,5.23,1.83
Voulundgaard,2023-04-20,0.0,0.0,427.6,14.86,6.06,0.0,0.0,443.2,11.7,4.41,0.0,0.0,443.2,11.69,4.41
Voulundgaard,2023-04-21,0.0,0.0,434.8,16.41,5.19,10.8,0.0159,442.6,14.02,3.29,11.59,0.017,442.6,14.09,3.29
Voulundgaard,2023-05-07,,,450.1,13.45,5.24,,,455.9,12.44,4.85,,,455.9,12.52,4.85
Voulundgaard,2023-05-30,109.07,0.1603,508.8,18.73,2.68,36.43,0.0535,483.4,17.39,1.2,35.37,0.052,483.4,17.36,1.2
Voulundgaard,2023-05-31,87.75,0.1289,551.3,15.56,5.55,212.28,0.3119,516.7,15.51,4.67,203.54,0.2991,516.7,15.31,4.67
Voulundgaard,2023-06-07,195.99,0.288,539.4,18.29,1.01,140.2,0.206,512.5,18.14,0.64,136.85,0.2011,512.5,18.05,0.64
Voulundgaard,2023-06-08,158.32,0.2326,539.0,19.7,2.77,95.52,0.1404,513.0,18.44,2.34,86.67,0.1273,513.0,18.19,2.34
Voulundgaard,2023-07-09,443.89,0.6523,567.9,24.99,3.41,355.58,0.5225,503.6,23.68,2.97,361.11,0.5306,503.6,23.85,2.97
Voulundgaard,2023-09-04,129.84,0.1908,425.5,22.58,3.9,91.19,0.134,375.2,20.33,3.13,90.94,0.1336,375.2,20.31,3.13
Voulundgaard,2023-10-14,0.0,0.0,126.8,8.56,5.58,126.01,0.1852,179.2,10.8,6.99,127.73,0.1877,179.2,10.84,6.99
