Site,Date,ET_pure_ICOS,ET_Ta_ERA5,ET_LST_Landsat,ET_u_ERA5,ET_Rn_ERA5
Gebesee,2022-02-07,0.0,0.0,0.0,0.0,0.0
Gebesee,2022-02-23,0.0,0.0,0.0,0.0,0.0
Gebesee,2022-03-11,0.0,0.0,0.0,0.0,0.0
Gebesee,2022-04-28,0.0,0.0,0.024725368385043175,0.0,0.0
Gebesee,2022-05-06,0.0951702304717989,0.0,0.17466976370423953,0.0,0.0
Gebesee,2022-05-14,0.0,0.0,0.013324149316841784,0.0,0.0
Gebesee,2022-05-22,0.1754698485596466,0.20254419770339627,0.3537727639282643,0.20467804074934007,0.10781831735194314
Gebesee,2022-06-15,0.3296128904363325,0.24727793120623162,0.20659215364837455,0.09317231291034998,0.2256888263630605
Gebesee,2022-07-25,0.0253637472342526,0.0,0.26603986485071535,0.04977117704759146,0.020206636145937984
Gebesee,2022-08-02,0.0,0.0,0.0,0.0,0.0
Gebesee,2022-08-10,0.0,0.0,0.0,0.0,0.0
Gebesee,2022-09-03,0.0,0.0,0.0,0.0,0.0
Gebesee,2022-10-05,0.0,0.02255230928929571,0.012008110678649079,0.0,0.015011045119686189
Gebesee,2022-11-06,0.1074680245129629,0.023947593220801464,0.011161344499443431,0.004760724860627923,0.017542251419201207
Selhausen,2022-01-28,0.2228001127766888,0.0,0.0,0.0,0.0
Selhausen,2022-02-28,0.4060953698139287,0.2513327406682222,0.1411098585687122,0.19736578290646187,0.1470217959907723
Selhausen,2022-03-08,0.3438202619577194,0.13301920169240602,0.04585377442030849,0.12330042893563962,0.040502216711042455
Selhausen,2022-04-17,0.3966955379363236,0.18415005118531083,0.04451993465971697,0.27706046089368463,0.14506417490905282
Selhausen,2022-04-18,0.4036193215651173,0.22819577959421822,0.11226888318582803,0.246385467693567,0.17880336376053035
Selhausen,2022-05-03,0.3094944879400811,0.2384008336274426,0.10147069090827826,0.22538717334267214,0.1752407992388236
Selhausen,2022-05-11,0.330428955364542,0.19014464747585044,0.0036541761243553397,0.20224713103734066,0.14919321110281256
Selhausen,2022-05-12,0.3214188790834322,0.03210449897520257,0.0,0.031665114268139866,0.046114713764407136
Selhausen,2022-06-04,0.4171542766841601,0.09304047674078317,0.04853541898716865,0.0336833778614733,0.1738707999493547
Selhausen,2022-06-12,0.5920260804914996,0.37065863167255375,0.3058991787331013,0.3681551625830368,0.29942407718910435
Selhausen,2022-06-28,0.6314879392747175,0.33462955533677624,0.2819841946132918,0.3424921469761142,0.2903248194330001
Selhausen,2022-07-23,0.6332711028701882,0.27964524298971466,0.04783255104163402,0.174461844988693,0.2699825554081475
Selhausen,2022-07-30,0.5561654664006981,0.34159906940598417,0.02585710263375845,0.24762163865609071,0.1915077478872881
Selhausen,2022-08-07,0.647106169708792,0.33587681328436736,0.13897455158727406,0.342979792260121,0.31792248888880004
Selhausen,2022-08-16,0.5591745926392574,0.325592889847406,0.3284897231616843,0.24901215029530452,0.26995162360246366
Selhausen,2022-09-01,0.5935383008061207,0.3218153343442038,0.14109075486441275,0.27364489601813824,0.2665900967171466
Selhausen,2023-02-07,0.2414296365068188,0.10828020848109485,0.07778386567452605,0.03227962085695028,0.026347514331298644
Selhausen,2023-02-08,0.2837546859104927,0.18106858669684445,0.05491194240196644,0.010195467820557223,0.0
Selhausen,2023-04-04,0.4589501468249682,0.2376878275975003,0.11668263428922707,0.2955911368154632,0.16934938473964592
Selhausen,2023-04-05,0.4871839119553825,0.30589484711356574,0.12511332627160074,0.19826214525303645,0.1754192202553653
Selhausen,2023-04-28,0.2069324700337968,0.012876234484606203,0.09017753616577438,0.0,0.027264090581670425
Selhausen,2023-05-14,0.6652851072364139,0.5600453071972682,0.5382317290164579,0.4808344244364632,0.4233987980794421
Selhausen,2023-05-30,0.6367031806381028,0.3961126527152627,0.6803486196665489,0.3381368330279322,0.320765116193102
Selhausen,2023-05-31,0.7013452377750564,0.4245932559351358,0.33339316851750256,0.3417018921613377,0.3135278889781646
Selhausen,2023-06-15,0.7040197600667232,0.45559321541607967,0.28070231622126407,0.4100943178622314,0.3220251110198369
Selhausen,2023-06-16,0.6678217526894851,0.4146233243235657,0.33929620577153585,0.38751541970813513,0.34069505617488544
Selhausen,2023-06-23,0.6927157975989983,0.430146623079901,0.3877524099669867,0.4322486766075211,0.2487647387639335
Selhausen,2023-07-09,0.5651222774400793,0.29695119316925955,0.6386574586014708,0.3312547647109917,0.29516910619780895
Selhausen,2023-09-11,0.3348286417193347,0.1709546206518115,0.035360639424642494,0.16545685569989613,0.14595439646813255
Selhausen,2023-10-06,0.3614431264662346,0.18083840469332052,0.1547839285938101,0.16642153401290685,0.1287692628624565
Selhausen,2023-10-13,0.4223049474471929,0.0,0.15735124152464605,0.0,0.11478367609078953
Lonzee,2022-02-11,0.1725703120923616,0.0,0.0,0.0,0.0
Lonzee,2022-02-12,0.2662835358207566,0.09146382794562911,0.0,0.00852515549364762,0.11539341590336477
Lonzee,2022-03-08,0.3077082177022274,0.11067524456379053,0.039287811906298355,0.035713995550463014,0.07430869153772388
Lonzee,2022-03-23,0.2746978125532204,0.09570415994339339,0.026566949691461172,0.04006552185099735,0.09745985715593143
Lonzee,2022-03-24,0.3001630052659745,0.11165113427772859,0.009708863846557244,0.013564018775924393,0.08997396778842759
Lonzee,2022-04-09,0.2451515147510045,0.12299153992305141,0.0,0.12636929257617988,0.09138864400807414
Lonzee,2022-04-17,0.4598965865416938,0.13257599775123505,0.0010515468654611678,0.19065120331199614,0.11195146420330004
Lonzee,2022-04-24,0.3729402960692193,0.1808803301106098,0.0,0.0932251042698898,0.11988678018077088
Lonzee,2022-05-03,0.5025552925612942,0.24188613491454042,0.0,0.2494237783415337,0.07348143475199675
Lonzee,2022-05-18,0.7154735066862439,0.25963381917518413,0.018756001187313506,0.24654536991313275,0.2155805818851924
Lonzee,2022-06-11,0.6335060976141421,0.2023285015972205,0.05689454568497472,0.19261505965126452,0.24802510886759543
Lonzee,2022-07-13,0.5522911979697714,0.2461931814132264,0.06224987700348643,0.3125964747585552,0.25192097486104426
Lonzee,2022-07-29,0.2275459432492525,0.07097723272538418,0.0,0.052775620040253636,0.118346429976421
Lonzee,2022-08-06,0.1782687007543287,0.07379597239744115,0.0,0.12860274447053127,0.06482347553391331
Lonzee,2022-08-14,0.1633424442387105,0.0,0.015898059123739615,0.0,0.08157344106153779
Lonzee,2022-10-01,0.3242757234470585,0.08093755220390629,0.0,0.07137272568862384,0.10839043746496921
Lonzee,2022-11-02,0.1646678054697291,0.0,0.0,0.0,0.0
Lonzee,2022-11-10,0.2068975778565654,0.0,0.0,0.0,0.0
Lonzee,2022-12-12,0.185225241142722,0.09913903567814944,0.028220524342702263,0.041949697735884126,0.002704679923849487
Lonzee,2023-02-07,0.2431208034192,0.07800907274407147,0.013725128745886966,0.03227964156995185,0.06287656498760089
Lonzee,2023-02-14,0.2288784659212248,0.065602823860275,0.0,0.0,0.05710959839492358
Lonzee,2023-04-03,0.3787304232218889,0.23840118242284472,0.15475435112994199,0.20986884312827903,0.21161292483215385
Lonzee,2023-04-04,0.3773008687328379,0.20661529787040667,0.14185935670553523,0.20868751701984783,0.2601241047564551
Lonzee,2023-06-06,0.1372401855387225,0.0363083925682773,0.0,0.0,0.03653459537453469
Lonzee,2023-06-07,0.0965956900739126,0.0,0.0,0.027063045979441126,0.0
Lonzee,2023-06-14,0.3349300686163066,0.30726976065763156,0.26124022202832975,0.23301616031931857,0.309013228127345
Lonzee,2023-07-08,0.6728879127483925,0.37781598041731956,0.33873819968027735,0.3411079477820457,0.40372692436653884
Lonzee,2023-09-10,0.3367429345787338,0.1768325453924753,0.05684193223018108,0.15661826597174738,0.23152585603489712
Voulundgaard,2022-02-28,0.2714706479893983,0.10521085959342077,0.0940693233057558,0.09916846480332245,0.1380108290901699
Voulundgaard,2022-03-08,0.1829118655215487,0.0,0.0,0.0,0.049177806880598834
Voulundgaard,2022-03-24,0.2834927406441366,0.08401034048884894,0.0,0.08127375476349949,0.1282978381699551
Voulundgaard,2022-04-17,0.2250529906745247,0.06724595483246774,0.0,0.08865502975310223,0.11441316662603215
Voulundgaard,2022-04-18,0.1777879872303031,0.0,0.0,0.11016974236889607,0.01954470267003906
Voulundgaard,2022-05-12,0.1853788055651778,0.0,0.0,0.008434911863855997,0.0
Voulundgaard,2022-05-20,0.1209432260511864,0.0,0.0,0.0,0.0
Voulundgaard,2022-06-04,0.1358598273698262,0.0,0.0,0.0,0.17853198271659484
Voulundgaard,2022-06-05,0.2483397912589289,0.11744164989294857,0.03599111220287935,0.07192911140754554,0.07583499126652267
Voulundgaard,2022-06-20,0.4858868030151992,0.20833343555220327,0.04834140923110926,0.17278221319718867,0.14832050739974992
Voulundgaard,2022-08-31,0.1753111158021131,0.0,0.08890064046884213,0.023930444436775892,0.07940377558518989
Voulundgaard,2022-09-17,0.1772064882194155,0.10890944043187811,0.24042385299067887,0.25466188473358253,0.011015968985314905
Voulundgaard,2022-10-02,0.1845358363732854,0.12135349517689308,0.020093880469481802,0.13284315848510012,0.13006038861927763
Voulundgaard,2022-10-03,0.2631086556952797,0.11219993709648372,0.04395192244461418,0.12779800629208365,0.10806508331451696
Voulundgaard,2022-10-10,0.2006397188715863,0.08335925167009264,0.1079071824965869,0.05773938775903381,0.08962821465491497
Voulundgaard,2022-10-11,0.2755417532767332,0.1095123674232642,0.012534155790760717,0.05102525932781144,0.03687910170900442
Voulundgaard,2022-10-19,0.1832463084154923,0.03125487314890794,0.0,0.00788945256738575,0.03021650161839541
Voulundgaard,2023-03-03,0.0818486962123611,0.011871250694452749,0.0,0.0,0.020183673610774777
Voulundgaard,2023-04-20,0.0711120714795852,0.0,0.0,0.0,0.0
Voulundgaard,2023-04-21,0.0660154896470444,0.0,0.0,0.06635957742985436,0.0
Voulundgaard,2023-05-30,0.1254749362563472,0.0,0.0320521573206957,0.003587672742292635,0.0069943707266102466
Voulundgaard,2023-05-31,0.0,0.0,0.0,0.0,0.0
Voulundgaard,2023-06-07,0.2949223606101366,0.16144888134943358,0.0,0.0,0.03217124573432236
Voulundgaard,2023-06-08,0.1872812679657633,0.04197342412417764,0.028439863206755196,0.027194071363505695,0.02599572620151454
Voulundgaard,2023-07-09,0.513439774376941,0.37444680406406233,0.4136119737097549,0.3656539612926206,0.4063714413365787
Voulundgaard,2023-09-04,0.2802290295440511,0.11488148033229864,0.05261733133528477,0.14864582691243516,0.16076998899101472
Voulundgaard,2023-10-14,0.1082385695399427,0.030175105178230775,0.0,0.01869347200359838,0.21573407848153647
Klingenberg,2022-03-12,0.2920994230927491,0.0,0.0,0.0500351984732917,0.0
Klingenberg,2022-03-20,0.1178050925625684,0.07202690463982024,0.11977436438507268,0.12051911471045944,0.00026240079056474006
Klingenberg,2022-04-22,0.1470546642990301,0.05734750946753276,0.04257257798133885,0.12219780759502573,0.0
Klingenberg,2022-05-07,0.1156956783893802,0.03479217848477245,0.04930702509552848,0.02598794323626602,0.0
Klingenberg,2022-07-19,0.3647191230314344,0.27189648066740496,0.22043295337185068,0.26117436201697697,0.29246356468768997
Klingenberg,2022-11-15,0.1595892052054364,0.0,0.0878420218952507,0.03349264971901177,0.016419561346297653
Klingenberg,2022-12-25,0.091068265721687,0.0,0.0,0.0,0.0
Klingenberg,2023-05-19,0.3005245445312768,0.0,0.1859046336043848,0.0,0.0
Klingenberg,2023-05-27,0.3533363720995761,0.3484027105515353,0.15827904298940446,0.2369691376535786,0.2660080538931465
Klingenberg,2023-06-03,0.2634278219330456,0.272945884516702,0.0923383838087177,0.30400622543142125,0.21878491614195622
Klingenberg,2023-06-11,0.5149936867145164,0.5054379980525568,0.2598175668443546,0.4530524872111049,0.3495790403526747
Klingenberg,2023-08-14,0.3968585771083732,0.07013168313652143,0.020932680596505146,0.06959186261427792,0.27079585789893984
Klingenberg,2023-08-15,0.3018001809801239,0.1312998709398473,0.029162978679690005,0.25057574567077073,0.17491468546768282
Klingenberg,2023-09-07,0.2177132554400227,0.1449454494635758,0.1917472191708742,0.14379637044751448,0.15307104654581138
Klingenberg,2023-09-15,0.0941859676751613,0.0,0.0,0.12109235538742609,0.0
Klingenberg,2023-09-16,0.1101760511579077,0.03375787159425612,0.016793586711024048,0.07000558723779551,0.0
Klingenberg,2023-10-01,0.0,0.0,0.0,0.025134982433089762,0.0
Estrees-Mons,2022-02-11,0.1761575937146461,0.02544189778467787,0.0,0.0,0.017808740237755916
Estrees-Mons,2022-02-26,0.2455136687002622,0.17209478287102034,0.034265124661915,0.0942226606402659,0.08294530834160872
Estrees-Mons,2022-03-06,0.2214625331045601,0.03768211319126335,0.0,0.021359632550648544,0.0
Estrees-Mons,2022-03-22,0.2285886080552154,0.053919890722006904,0.0,0.040390203062522105,0.0855505717177369
Estrees-Mons,2022-03-23,0.2355005104405677,0.0641485756272601,0.0,0.022701120049107886,0.09897331822948112
Estrees-Mons,2022-04-15,0.4620838336228597,0.16620329518832258,0.2505232629629833,0.10543637020294755,0.3284685603348775
Estrees-Mons,2022-04-24,0.3924016799239563,0.0960584517005482,0.0,0.141706297408383,0.02298224874719883
Estrees-Mons,2022-05-09,0.2598170561679421,0.09668909132525491,0.0,0.004622243142377014,0.06875876557177961
Estrees-Mons,2022-05-17,0.4554778425425094,0.28736119941692284,0.0,0.19961167864609286,0.2514805192906604
Estrees-Mons,2022-05-18,0.4479100324041699,0.3497133388947513,0.02407036110267462,0.24384744298039504,0.2442352956897733
Estrees-Mons,2022-06-02,0.4621391504120901,0.15069489918833412,0.0,0.12132384947647656,0.17768700282704863
Estrees-Mons,2022-06-11,0.3886287846584357,0.0514502716958197,0.0,0.10006243339239633,0.04040069701482308
Estrees-Mons,2022-06-18,0.4084725926972041,0.169104564010392,0.11618768345725361,0.1209589474933068,0.13959968001577872
Estrees-Mons,2022-07-04,0.5703782861904511,0.2760906493480317,0.005872092449312809,0.24209867988785372,0.26875409243645676
Estrees-Mons,2022-07-05,0.5290984015784177,0.3122378681004373,0.0,0.12374129173509715,0.2571144421425614
Estrees-Mons,2022-07-12,0.3428927588929871,0.16847894814295195,0.26986902915558275,0.13012780469721877,0.1899198167288279
Estrees-Mons,2022-07-13,0.3679700665054174,0.18191939006359417,0.07033875124904766,0.213965810321476,0.23125914159612979
Estrees-Mons,2022-07-29,0.2322090483127014,0.039894054468458146,0.0,0.05883485097461739,0.07807566880876332
Estrees-Mons,2022-08-05,0.3494891449098796,0.20917424678775057,0.06007079933370814,0.20479588451974207,0.10536086158730613
Estrees-Mons,2022-08-06,0.1512071680872073,0.0,0.0,0.0560569931315965,0.0
Estrees-Mons,2022-08-29,0.1136408459129356,0.0,0.0,0.0,0.0
Estrees-Mons,2022-08-30,0.1836968502788541,0.022712077706072212,0.0,0.0,0.00748401292017088
Estrees-Mons,2022-09-30,0.3482624816808822,0.21028310093538072,0.023460606067761677,0.12037772652778062,0.17479503327089346
Estrees-Mons,2022-10-08,0.3486615278956931,0.20237346972153714,0.04875848783947983,0.15954469263561974,0.17755256102613176
Estrees-Mons,2022-10-24,0.247939786491394,0.24632245626870386,0.0,0.24632245626870386,0.22986280116825394
Estrees-Mons,2022-11-01,0.0305020355951997,0.0,0.0,0.0,0.0
Estrees-Mons,2022-11-02,0.1570840301267276,0.0,0.0,0.0,0.0
Estrees-Mons,2022-11-10,0.0998742638633846,0.008735051385187388,0.0,0.0,0.0
Estrees-Mons,2022-11-25,0.1109267134210323,0.03459216716258196,0.0,0.0,0.0
Estrees-Mons,2022-11-26,0.086706689828156,0.0,0.0,0.0,0.0
Estrees-Mons,2023-02-14,0.1272109068105215,0.0,0.0,0.0,0.0
Estrees-Mons,2023-03-01,0.0938931808689043,0.0,0.0,0.0,0.0
Estrees-Mons,2023-03-18,0.277609633357978,0.04528692116317836,0.0,0.0,0.0
Estrees-Mons,2023-04-03,0.2433036100702952,0.016037251358517298,0.0,0.007874930418144351,0.0
Estrees-Mons,2023-04-18,0.384619673299016,0.32744496933234235,0.0,0.2118163811706856,0.14368244435995092
Estrees-Mons,2023-05-04,0.4760309944751137,0.46259129266408927,0.07562034947685965,0.33159766970234256,0.3004564386172041
Estrees-Mons,2023-05-13,0.6154934024953228,0.4365340862886,0.12451297577698242,0.28161778822025085,0.3368624414994223
Estrees-Mons,2023-05-20,0.5928158154270818,0.4029066474886652,0.10893545847097079,0.3412502419278141,0.3958240137192813
Estrees-Mons,2023-05-28,0.3960451187518276,0.1991801729504263,0.0,0.2469779498893087,0.16503623929400618
Estrees-Mons,2023-05-29,0.3013595279142941,0.1674855304432843,0.0,0.08113381828594729,0.13471080957017229
Estrees-Mons,2023-06-05,0.3831147210950818,0.21322586034472166,0.0,0.09230264114191257,0.14786122895351703
Estrees-Mons,2023-06-06,0.3253816863955855,0.1710206096748943,0.0,0.0,0.006441259017034428
Estrees-Mons,2023-06-13,0.5641168200637228,0.39698930182205167,0.0,0.3212439052468204,0.2822856218506379
Estrees-Mons,2023-06-14,0.546890298552883,0.3820567202092257,0.011029981070752037,0.2881611541591453,0.3222597528179498
Estrees-Mons,2023-07-15,0.3376795920396982,0.0,0.0,0.0,0.05226060127527637
Estrees-Mons,2023-08-09,0.6052673883959914,0.32858319385364293,0.016310243151993174,0.28029991605226234,0.11662340601366723
Estrees-Mons,2023-09-02,0.3803617867036713,0.14469879549536932,0.09152983140542378,0.1167879302964978,0.16105543474782197
Estrees-Mons,2023-09-09,0.3257997501696719,0.09617865426215623,0.0,0.11623136624069103,0.11850687173217775
Estrees-Mons,2023-09-10,0.3883814892269995,0.142302684866407,0.0,0.14464606235839356,0.16905521790270583
Estrees-Mons,2023-09-18,0.3239352562588764,0.17476541169780235,0.0,0.1267069049596327,0.06658333227904563
Estrees-Mons,2023-09-25,0.3466677775055167,0.14129757162272286,0.0,0.042659412770983646,0.1914491048313254
Estrees-Mons,2023-09-26,0.3386526622008122,0.22115336867277055,0.0,0.08253307544658008,0.17668916325178538
Estrees-Mons,2023-10-03,0.3005875747533136,0.014892354613465693,0.0,0.05032229071236608,0.02421461663567494
Estrees-Mons,2023-12-31,0.047304428041019,0.0,0.03666746121444313,0.0,0.0
Borgo Cioffi,2023-05-22,0.5153715705956522,0.0,0.0,0.3332901866447459,0.0
Borgo Cioffi,2023-05-30,0.1118764629848206,0.0,0.0,0.0592547598509899,0.0
Borgo Cioffi,2023-06-23,0.0,0.0,0.0,0.08774258072033529,0.0
Borgo Cioffi,2023-07-09,0.6877590287681339,0.0,0.0,0.6726263437583875,0.0
Borgo Cioffi,2023-07-17,0.7137879883280148,0.0,0.0,0.6118884149686066,0.0
Borgo Cioffi,2023-07-25,0.6953120338775507,0.0,0.0,0.522572373793417,0.0
Borgo Cioffi,2023-08-10,0.6288813859661869,0.0,0.0,0.5282032480131983,0.0
Borgo Cioffi,2023-08-18,0.6028557762926581,0.0,0.0,0.5323931474536008,0.0
Borgo Cioffi,2023-08-26,0.6273600743150297,0.0,0.0,0.5034003179799883,0.0
Borgo Cioffi,2023-09-03,0.4340846100285562,0.0,0.0,0.3366950473934934,0.0
Borgo Cioffi,2023-09-11,0.1545445056728676,0.0,0.0,0.09734290404490624,0.0
Borgo Cioffi,2023-09-27,0.2001104964686363,0.0,0.0,0.15708254433094765,0.0
Borgo Cioffi,2023-10-05,0.0810778243113099,0.0,0.0,0.022484927183618664,0.0
Borgo Cioffi,2023-10-29,0.141194122948323,0.0,0.0,0.05654693790864373,0.0
Borgo Cioffi,2023-11-06,0.0,0.0,0.0,0.010740979279167947,0.0
Borgo Cioffi,2023-11-22,0.0140635705341352,0.0,0.0,0.0,0.0
Borgo Cioffi,2023-12-08,0.0463629646724751,0.0,0.0,0.0,0.0
Borgo Cioffi,2023-12-16,0.2819293215303192,0.0,0.0,0.0,0.0
Grignon,2022-01-01,0.1701861954198564,0.0,0.0,0.0,0.0
Grignon,2022-02-09,0.3201829471438732,0.0,0.0,0.0,0.0
Grignon,2022-02-25,0.3910763578584509,0.07810161463912355,0.0,0.0,0.0
Grignon,2022-02-26,0.3516808121998373,0.11700417225739465,0.0,0.0,0.028918344805333604
Grignon,2022-03-06,0.3186150314798143,0.0,0.0,0.0,0.0
Grignon,2022-03-21,0.6165213544190025,0.16871640659589532,0.0,0.0,0.08464061616372123
Grignon,2022-03-22,0.517957269977278,0.2709512107234609,0.18710875580127712,0.14016798110413645,0.20528636746489623
Grignon,2022-04-14,0.7719154413992969,0.38539722569240153,0.14176323183941025,0.20976752326874423,0.17542777572039578
Grignon,2022-04-15,0.6636419402790561,0.4302374347038171,0.4829797420834874,0.32811734914512614,0.3397065692636134
Grignon,2022-04-22,0.6988922345175274,0.4108085793105261,0.14650557062630348,0.3688078461396364,0.3356053361579964
Grignon,2022-04-30,0.6361405094720982,0.29928724146539565,0.0,0.30696798759536525,0.0
Grignon,2022-05-09,0.7844776292979233,0.5774055094291412,0.2195758710661837,0.432457116856625,0.44679831274266124
Grignon,2022-05-16,0.7780322457781131,0.25636191847846507,0.0,0.0,0.3585947092017554
Grignon,2022-05-17,0.7895000938867421,0.6238753629573384,0.12186851147706394,0.5005139591349165,0.45051241795746133
Grignon,2022-06-18,0.5425218174727774,0.3558893029736971,0.40550730344133373,0.34895841930011573,0.4042620187536414
Grignon,2022-07-04,0.408456879871136,0.3166742146244739,0.21970922690165595,0.29183706091927936,0.2811744895108539
Grignon,2022-07-11,0.1608516099622926,0.06664215246182707,0.0,0.11949459278182391,0.046004466131337705
Grignon,2022-07-12,0.2414764110763038,0.09563924812064058,0.0,0.08585212926582268,0.08092245010705693
Grignon,2022-08-12,0.0204520050354498,0.0,0.0,0.020471532274828643,0.0
Grignon,2022-08-29,0.0220174880375646,0.0,0.0,0.0,0.0
Grignon,2022-09-30,0.3061596904937873,0.1892655339035315,0.048176866424585935,0.0940622585371513,0.10352743902897994
Grignon,2022-10-07,0.2065749871549895,0.043222822537587,0.0,0.0,0.010082185728804073
Grignon,2022-10-31,0.3018462132807459,0.05422891380388511,0.0,0.029517812247063492,0.0920261348642623
Grignon,2022-11-01,0.2989125013022412,0.1644020012905715,0.0,0.07128513012951064,0.06127442756067552
Grignon,2022-11-24,0.1974855080065435,0.028785863162605205,0.0,0.0,0.0
Grignon,2022-11-25,0.1590697917561628,0.02892298640768963,0.0,0.0,0.03098880154745094
Grignon,2022-12-27,0.1703279897044629,-0.01183336506092644,-0.015870897519139664,-0.01183336506092644,0.0
Grignon,2023-01-11,0.1806493955031219,,,,
Grignon,2023-02-13,0.1756852618864592,0.0,0.0,0.0,0.0
Grignon,2023-04-09,0.4391840775555988,0.2399007025421579,0.13025779969915235,0.1343106242612872,0.1227535396355677
Grignon,2023-05-03,0.6279016041262333,0.3272974431034066,0.009929164221853169,0.2947821233266883,0.22625120940497942
Grignon,2023-05-19,0.6604164611926389,0.4552382238616178,0.3320744157812063,0.3288556637985011,0.39602147084843325
Grignon,2023-05-20,0.6077059814516098,0.39959976632670907,0.05814818488119466,0.24722035806494208,0.30080779551035547
Grignon,2023-05-27,0.678329925736234,0.4705471730401809,0.06641891195306873,0.3337017554700461,0.3426146816813692
Grignon,2023-05-28,0.6092480752053984,0.4931531005352633,0.16534695035466396,0.35622481454306043,0.3552728659579461
Grignon,2023-06-04,0.5773045489058636,0.3600257162490008,0.09376387733297364,0.29561675766090684,0.2613256482912882
Grignon,2023-06-05,0.503417885619946,0.3777774687234502,0.07522821011854919,0.26200508800107586,0.2520628085138563
Grignon,2023-06-21,0.3143797295263359,0.3484608214339666,0.24043389479701835,0.3324036034685128,0.34900770043932455
Grignon,2023-06-28,0.3173059094235005,0.1853209741928411,0.08474168276740185,0.16868718487705844,0.10761268294843349
Grignon,2023-09-24,0.4025786818481059,0.23250956301271755,0.10361286187337945,0.1661088461378714,0.14159890867610356
Grignon,2023-10-10,0.3899680919934292,0.12091776183142956,0.0,0.0,0.04202691772261891
Grignon,2023-10-27,0.2663413974556403,0.059513418615944065,0.09133870603165088,0.016459565787642853,0.0
Grignon,2023-12-06,0.1064936823852287,0.0,0.0,0.0,0.0
Lamasquere,2022-02-10,0.2502935912475131,0.08002572277106514,0.0,0.0,0.07658001218895973
Lamasquere,2022-04-07,0.0131558716466363,0.4186007124686415,0.0,0.0,0.06932831024436782
Lamasquere,2022-05-01,0.2790980368808837,0.3910719183801133,0.0,0.0,0.12873271620629473
Lamasquere,2022-05-10,0.4550128119909452,0.4773841187281176,0.02367811119180123,0.04742778318761315,0.18342943783309898
Lamasquere,2022-05-18,0.2887732117392563,0.4323841239997124,0.037702326944267825,0.0,0.03231510165736323
Lamasquere,2022-06-03,0.3664601863640219,0.32927875107603993,0.0,0.122251523996118,0.02079153087199724
Lamasquere,2022-06-11,0.3883561432078747,0.30998130902771176,0.031660482904058825,0.17233277896943802,0.24734300352015448
Lamasquere,2022-06-18,0.2018227280012141,0.3187673021232798,0.0,0.05576552862669894,0.12262849532430863
Lamasquere,2022-07-13,0.1826051058111085,0.09641003842158304,0.0,0.0,0.07683536185551944
Lamasquere,2022-07-29,0.2291601548345956,0.043779605155168544,0.0,0.0,0.033463945615411
Lamasquere,2022-08-29,0.0949384969615748,0.0,0.0,0.0,0.0
Lamasquere,2022-09-30,0.318694544763325,0.015337378509705527,0.0,0.0,0.0
Lamasquere,2022-10-16,0.0112729324892913,0.14528592671910773,0.0,0.0,0.08004618299759861
Lamasquere,2022-10-25,0.0995902588779587,0.023430443797101234,0.0,0.0,0.0
Lamasquere,2022-12-19,0.0856616997162815,-0.032848508740239465,-0.017029323246472564,-0.032848508740239465,0.0
Lamasquere,2023-02-13,0.040669057551309,0.17744565846955557,0.0,0.0,0.0
Lamasquere,2023-02-14,0.0,0.11264479772293094,0.0,0.0,0.0
Lamasquere,2023-03-01,0.0,0.06610003205315429,0.0,0.0,0.0
Lamasquere,2023-04-18,0.2069026681718976,0.050705477458352334,0.0,0.011342104709489783,0.06638013992279798
Lamasquere,2023-04-19,0.1627078082292945,0.0,0.0,0.029620614088430957,0.0
Lamasquere,2023-05-04,0.2660141105023816,0.10089952097463409,0.0,0.022404513818558066,0.07161036043930828
Lamasquere,2023-05-28,0.295376711565289,0.13297990095497217,0.0,0.03837805030617723,0.1440892713086822
Lamasquere,2023-05-29,0.2822100930767736,0.1176083240231693,0.0,0.01930975928519269,0.11305466414866151
Lamasquere,2023-06-05,0.2029240977936204,0.14827051256852875,0.0,0.0336517073635671,0.16452420827073383
Lamasquere,2023-07-07,0.2438847692327372,0.6793156498872714,0.0,0.011474523246518445,0.0
Lamasquere,2023-07-08,0.5025610813370195,0.5529093436736826,0.0,0.14806589841227916,0.16910677774603253
Lamasquere,2023-07-16,0.4288658386443691,0.10545934029442963,0.0,0.0,0.12620593993110535
Lamasquere,2023-07-23,0.4030431013288444,0.5057795029635174,0.0,0.12783852897631154,0.26981132986034567
Lamasquere,2023-07-31,0.358083809726953,0.356830297361027,0.0,0.058012386887630586,0.21003318582862768
Lamasquere,2023-08-08,0.3318869795366095,0.33320768468994927,0.0,0.041671498012818525,0.16093590823757342
Lamasquere,2023-08-09,0.2724969339509692,0.3521592131915424,0.0,0.0,0.0726411746704069
Lamasquere,2023-09-01,0.0771352880473693,0.20728968420340296,0.0,0.011662121256583844,0.03532825497072759
Lamasquere,2023-09-09,0.0,0.07708482340477489,0.0,0.0,0.0
Lamasquere,2023-09-10,0.0857838513202221,0.03365266995460552,0.0,0.0,0.0
Lamasquere,2023-09-18,0.2646290395406248,0.04570714682346664,0.0,0.0,0.059099019343623264
Lamasquere,2023-09-25,0.0860364539882916,0.02087316884599072,0.0,0.0,0.0
Lamasquere,2023-09-26,0.1184054844960041,0.02498400069395795,0.0,0.0,0.0
Lamasquere,2023-10-04,0.0461671603325183,0.0,0.0,0.0,0.0
Lamasquere,2023-10-11,0.0692189756012222,0.04164228895598155,0.0,0.0,0.0
Lamasquere,2023-10-12,0.0867986426800831,0.05603610419843548,0.0,0.0,0.0
Lamasquere,2023-11-13,0.2500794112542915,0.11776421882486196,0.0,0.0,0.054463495373731026
Lamasquere,2023-12-30,0.1796526220364506,0.0,0.0,0.0,0.0
