Site,Date,ET_pure_ICOS,ET_LST_Landsat,ET_Groupe_ERA5
Gebesee,2022-02-07,0.0,0.0,0.0
Gebesee,2022-02-23,0.0,0.0,0.0
Gebesee,2022-03-11,0.0,0.0,0.0
Gebesee,2022-04-28,0.0,0.024725368385043175,0.0
Gebesee,2022-05-06,0.0951702304717989,0.17466976370423953,0.04245063411152036
Gebesee,2022-05-14,0.0,0.013324149316841784,0.0
Gebesee,2022-05-22,0.1754698485596466,0.3537727639282643,0.1212520317500311
Gebesee,2022-06-15,0.3296128904363325,0.20659215364837455,0.3845002255728353
Gebesee,2022-07-25,0.0253637472342526,0.26603986485071535,0.1454366746961007
Gebesee,2022-08-02,0.0,0.0,0.0
Gebesee,2022-08-10,0.0,0.0,0.004219973638305607
Gebesee,2022-09-03,0.0,0.0,0.0
Gebesee,2022-10-05,0.0,0.012008110678649079,0.017411930707007247
Gebesee,2022-11-06,0.1074680245129629,0.011161344499443431,0.008443321976290654
Selhausen,2022-01-28,0.2228001127766888,0.0,0.0
Selhausen,2022-02-28,0.4060953698139287,0.1411098585687122,0.24746772091266495
Selhausen,2022-03-08,0.3438202619577194,0.04585377442030849,0.15780474443009704
Selhausen,2022-04-17,0.3966955379363236,0.04451993465971697,0.257013233238885
Selhausen,2022-04-18,0.4036193215651173,0.11226888318582803,0.24019062255319726
Selhausen,2022-05-03,0.3094944879400811,0.10147069090827826,0.18799012357779363
Selhausen,2022-05-11,0.330428955364542,0.0036541761243553397,0.17699006027320155
Selhausen,2022-05-12,0.3214188790834322,0.0,0.04627437616332902
Selhausen,2022-06-04,0.4171542766841601,0.04853541898716865,0.24169860452635647
Selhausen,2022-06-12,0.5920260804914996,0.3058991787331013,0.3019096172892532
Selhausen,2022-06-28,0.6314879392747175,0.2819841946132918,0.28253566039626393
Selhausen,2022-07-23,0.6332711028701882,0.04783255104163402,0.37771863449233783
Selhausen,2022-07-30,0.5561654664006981,0.02585710263375845,0.2840935476988859
Selhausen,2022-08-07,0.647106169708792,0.13897455158727406,0.3108547061736685
Selhausen,2022-08-16,0.5591745926392574,0.3284897231616843,0.3469618309954534
Selhausen,2022-09-01,0.5935383008061207,0.14109075486441275,0.3028252615529086
Selhausen,2023-02-07,0.2414296365068188,0.07778386567452605,0.1029980833243698
Selhausen,2023-02-08,0.2837546859104927,0.05491194240196644,0.18197607289243103
Selhausen,2023-04-04,0.4589501468249682,0.11668263428922707,0.2822993246701137
Selhausen,2023-04-05,0.4871839119553825,0.12511332627160074,0.2837895321675245
Selhausen,2023-04-28,0.2069324700337968,0.09017753616577438,0.10579951369715451
Selhausen,2023-05-14,0.6652851072364139,0.5382317290164579,0.502813023296358
Selhausen,2023-05-30,0.6367031806381028,0.6803486196665489,0.3526980927104955
Selhausen,2023-05-31,0.7013452377750564,0.33339316851750256,0.37583870123887275
Selhausen,2023-06-15,0.7040197600667232,0.28070231622126407,0.367227244484951
Selhausen,2023-06-16,0.6678217526894851,0.33929620577153585,0.3677813623942315
Selhausen,2023-06-23,0.6927157975989983,0.3877524099669867,0.2669913746710656
Selhausen,2023-07-09,0.5651222774400793,0.6386574586014708,0.2606910916638721
Selhausen,2023-09-11,0.3348286417193347,0.035360639424642494,0.1514457116611391
Selhausen,2023-10-06,0.3614431264662346,0.1547839285938101,0.09857704470314059
Selhausen,2023-10-13,0.4223049474471929,0.15735124152464605,0.06837802894774635
Lonzee,2022-02-11,0.1725703120923616,0.0,0.06934371861741197
Lonzee,2022-02-12,0.2662835358207566,0.0,0.23204344552976103
Lonzee,2022-03-08,0.3077082177022274,0.039287811906298355,0.17712725570506205
Lonzee,2022-03-23,0.2746978125532204,0.026566949691461172,0.15547188458124384
Lonzee,2022-03-24,0.3001630052659745,0.009708863846557244,0.19414500156506417
Lonzee,2022-04-09,0.2451515147510045,0.0,0.23367541078973086
Lonzee,2022-04-17,0.4598965865416938,0.0010515468654611678,0.27857441495057317
Lonzee,2022-04-24,0.3729402960692193,0.0,0.2835868935990779
Lonzee,2022-05-03,0.5025552925612942,0.0,0.24330625508472956
Lonzee,2022-05-18,0.7154735066862439,0.018756001187313506,0.22871955968815813
Lonzee,2022-06-11,0.6335060976141421,0.05689454568497472,0.25791808680594774
Lonzee,2022-07-13,0.5522911979697714,0.06224987700348643,0.30398071480911243
Lonzee,2022-07-29,0.2275459432492525,0.0,0.1381415044548183
Lonzee,2022-08-06,0.1782687007543287,0.0,0.17492347814419704
Lonzee,2022-08-14,0.1633424442387105,0.015898059123739615,0.1124489622469842
Lonzee,2022-10-01,0.3242757234470585,0.0,0.1549347648419368
Lonzee,2022-11-02,0.1646678054697291,0.0,0.013018804338046865
Lonzee,2022-11-10,0.2068975778565654,0.0,0.04923066812646817
Lonzee,2022-12-12,0.185225241142722,0.028220524342702263,0.0664224450556654
Lonzee,2023-02-07,0.2431208034192,0.013725128745886966,0.11002891643174857
Lonzee,2023-02-14,0.2288784659212248,0.0,0.13264434166667424
Lonzee,2023-04-03,0.3787304232218889,0.15475435112994199,0.28049002003597007
Lonzee,2023-04-04,0.3773008687328379,0.14185935670553523,0.3194572156889048
Lonzee,2023-06-06,0.1372401855387225,0.0,0.10663476581109724
Lonzee,2023-06-07,0.0965956900739126,0.0,0.08723630987654703
Lonzee,2023-06-14,0.3349300686163066,0.26124022202832975,0.32054780750170486
Lonzee,2023-07-08,0.6728879127483925,0.33873819968027735,0.44085622318573514
Lonzee,2023-09-10,0.3367429345787338,0.05684193223018108,0.2526806926289149
Voulundgaard,2022-02-28,0.2714706479893983,0.0940693233057558,0.1473880378286195
Voulundgaard,2022-03-08,0.1829118655215487,0.0,0.10021618797168066
Voulundgaard,2022-03-24,0.2834927406441366,0.0,0.13116562663181452
Voulundgaard,2022-04-17,0.2250529906745247,0.0,0.09512055232215709
Voulundgaard,2022-04-18,0.1777879872303031,0.0,0.12177734329039543
Voulundgaard,2022-05-12,0.1853788055651778,0.0,0.0
Voulundgaard,2022-05-20,0.1209432260511864,0.0,0.005971798722553181
Voulundgaard,2022-06-04,0.1358598273698262,0.0,0.2607725259763692
Voulundgaard,2022-06-05,0.2483397912589289,0.03599111220287935,0.12150466456676969
Voulundgaard,2022-06-20,0.4858868030151992,0.04834140923110926,0.18362890883875238
Voulundgaard,2022-08-31,0.1753111158021131,0.08890064046884213,0.09419453622993407
Voulundgaard,2022-09-17,0.1772064882194155,0.24042385299067887,0.001986706697538525
Voulundgaard,2022-10-02,0.1845358363732854,0.020093880469481802,0.10635918569554347
Voulundgaard,2022-10-03,0.2631086556952797,0.04395192244461418,0.10717501427182567
Voulundgaard,2022-10-10,0.2006397188715863,0.1079071824965869,0.11113420097321837
Voulundgaard,2022-10-11,0.2755417532767332,0.012534155790760717,0.06475001401070857
Voulundgaard,2022-10-19,0.1832463084154923,0.0,0.054314224971974204
Voulundgaard,2023-03-03,0.0818486962123611,0.0,0.09852023770673254
Voulundgaard,2023-04-20,0.0711120714795852,0.0,0.0041898007802661594
Voulundgaard,2023-04-21,0.0660154896470444,0.0,0.06344945534982659
Voulundgaard,2023-05-30,0.1254749362563472,0.0320521573206957,0.0
Voulundgaard,2023-05-31,0.0,0.0,0.0
Voulundgaard,2023-06-07,0.2949223606101366,0.0,0.20643684777408497
Voulundgaard,2023-06-08,0.1872812679657633,0.028439863206755196,0.10182195104565758
Voulundgaard,2023-07-09,0.513439774376941,0.4136119737097549,0.39359931830018374
Voulundgaard,2023-09-04,0.2802290295440511,0.05261733133528477,0.1651840674760104
Voulundgaard,2023-10-14,0.1082385695399427,0.0,0.22478174925328195
Klingenberg,2022-03-12,0.2920994230927491,0.0,0.09411339166001581
Klingenberg,2022-03-20,0.1178050925625684,0.11977436438507268,0.20601210338829903
Klingenberg,2022-04-22,0.1470546642990301,0.04257257798133885,0.18732949560671958
Klingenberg,2022-05-07,0.1156956783893802,0.04930702509552848,0.0
Klingenberg,2022-07-19,0.3647191230314344,0.22043295337185068,0.30334994195652515
Klingenberg,2022-11-15,0.1595892052054364,0.0878420218952507,0.0
Klingenberg,2022-12-25,0.091068265721687,0.0,0.0
Klingenberg,2023-05-19,0.3005245445312768,0.1859046336043848,0.0
Klingenberg,2023-05-27,0.3533363720995761,0.15827904298940446,0.38179929808522733
Klingenberg,2023-06-03,0.2634278219330456,0.0923383838087177,0.3677403873996729
Klingenberg,2023-06-11,0.5149936867145164,0.2598175668443546,0.47824258260835456
Klingenberg,2023-08-14,0.3968585771083732,0.020932680596505146,0.29506674257299276
Klingenberg,2023-08-15,0.3018001809801239,0.029162978679690005,0.23155920551256462
Klingenberg,2023-09-07,0.2177132554400227,0.1917472191708742,0.15423208370867938
Klingenberg,2023-09-15,0.0941859676751613,0.0,0.20751097525521883
Klingenberg,2023-09-16,0.1101760511579077,0.016793586711024048,0.12058471257639149
Klingenberg,2023-10-01,0.0,0.0,0.13760961238711414
Estrees-Mons,2022-02-11,0.1761575937146461,0.0,0.08173417658842189
Estrees-Mons,2022-02-26,0.2455136687002622,0.034265124661915,0.18732870810083072
Estrees-Mons,2022-03-06,0.2214625331045601,0.0,0.10447741567630743
Estrees-Mons,2022-03-22,0.2285886080552154,0.0,0.17658307191877404
Estrees-Mons,2022-03-23,0.2355005104405677,0.0,0.1441908219504022
Estrees-Mons,2022-04-15,0.4620838336228597,0.2505232629629833,0.39530334361487984
Estrees-Mons,2022-04-24,0.3924016799239563,0.0,0.08459679926378763
Estrees-Mons,2022-05-09,0.2598170561679421,0.0,0.16407946908241222
Estrees-Mons,2022-05-17,0.4554778425425094,0.0,0.3403522628820208
Estrees-Mons,2022-05-18,0.4479100324041699,0.02407036110267462,0.34984888254842744
Estrees-Mons,2022-06-02,0.4621391504120901,0.0,0.2076976048023133
Estrees-Mons,2022-06-11,0.3886287846584357,0.0,0.0
Estrees-Mons,2022-06-18,0.4084725926972041,0.11618768345725361,0.18800207519668105
Estrees-Mons,2022-07-04,0.5703782861904511,0.005872092449312809,0.3027243942891512
Estrees-Mons,2022-07-05,0.5290984015784177,0.0,0.455001421230641
Estrees-Mons,2022-07-12,0.3428927588929871,0.26986902915558275,0.22989660956248084
Estrees-Mons,2022-07-13,0.3679700665054174,0.07033875124904766,0.19885096637176836
Estrees-Mons,2022-07-29,0.2322090483127014,0.0,0.12319023950514293
Estrees-Mons,2022-08-05,0.3494891449098796,0.06007079933370814,0.11587682724630356
Estrees-Mons,2022-08-06,0.1512071680872073,0.0,0.12283392852018896
Estrees-Mons,2022-08-29,0.1136408459129356,0.0,0.0
Estrees-Mons,2022-08-30,0.1836968502788541,0.0,0.07155169134038601
Estrees-Mons,2022-09-30,0.3482624816808822,0.023460606067761677,0.26679378222476363
Estrees-Mons,2022-10-08,0.3486615278956931,0.04875848783947983,0.23104629216654893
Estrees-Mons,2022-10-24,0.247939786491394,0.0,0.22986280116825394
Estrees-Mons,2022-11-01,0.0305020355951997,0.0,0.0
Estrees-Mons,2022-11-02,0.1570840301267276,0.0,0.029694326438611997
Estrees-Mons,2022-11-10,0.0998742638633846,0.0,0.023629177267028543
Estrees-Mons,2022-11-25,0.1109267134210323,0.0,0.0
Estrees-Mons,2022-11-26,0.086706689828156,0.0,0.0
Estrees-Mons,2023-02-14,0.1272109068105215,0.0,0.05682807812682384
Estrees-Mons,2023-03-01,0.0938931808689043,0.0,0.038678602994496866
Estrees-Mons,2023-03-18,0.277609633357978,0.0,0.08978619264070044
Estrees-Mons,2023-04-03,0.2433036100702952,0.0,0.08939424106007655
Estrees-Mons,2023-04-18,0.384619673299016,0.0,0.33724187796778116
Estrees-Mons,2023-05-04,0.4760309944751137,0.07562034947685965,0.5248589873819561
Estrees-Mons,2023-05-13,0.6154934024953228,0.12451297577698242,0.4373024360972246
Estrees-Mons,2023-05-20,0.5928158154270818,0.10893545847097079,0.4254446334291484
Estrees-Mons,2023-05-28,0.3960451187518276,0.0,0.3202103171476177
Estrees-Mons,2023-05-29,0.3013595279142941,0.0,0.2110138344517996
Estrees-Mons,2023-06-05,0.3831147210950818,0.0,0.25374413379509553
Estrees-Mons,2023-06-06,0.3253816863955855,0.0,0.07280161145684434
Estrees-Mons,2023-06-13,0.5641168200637228,0.0,0.4833039194087586
Estrees-Mons,2023-06-14,0.546890298552883,0.011029981070752037,0.41679536822795643
Estrees-Mons,2023-07-15,0.3376795920396982,0.0,0.09731309843683514
Estrees-Mons,2023-08-09,0.6052673883959914,0.016310243151993174,0.1623399011242762
Estrees-Mons,2023-09-02,0.3803617867036713,0.09152983140542378,0.18991813982722958
Estrees-Mons,2023-09-09,0.3257997501696719,0.0,0.17941345300936912
Estrees-Mons,2023-09-10,0.3883814892269995,0.0,0.2359858117609284
Estrees-Mons,2023-09-18,0.3239352562588764,0.0,0.17183958803766236
Estrees-Mons,2023-09-25,0.3466677775055167,0.0,0.29896398206770997
Estrees-Mons,2023-09-26,0.3386526622008122,0.0,0.321270828999149
Estrees-Mons,2023-10-03,0.3005875747533136,0.0,0.023450610095297364
Estrees-Mons,2023-12-31,0.047304428041019,0.03666746121444313,0.0
Borgo Cioffi,2023-05-22,0.5153715705956522,0.0,0.31270626913182015
Borgo Cioffi,2023-05-30,0.1118764629848206,0.0,0.0
Borgo Cioffi,2023-06-23,0.0,0.0,0.08671051668645242
Borgo Cioffi,2023-07-09,0.6877590287681339,0.0,0.7281281739465693
Borgo Cioffi,2023-07-17,0.7137879883280148,0.0,0.7977346319233592
Borgo Cioffi,2023-07-25,0.6953120338775507,0.0,0.7874790832422504
Borgo Cioffi,2023-08-10,0.6288813859661869,0.0,0.539230625649161
Borgo Cioffi,2023-08-18,0.6028557762926581,0.0,0.6852339194924255
Borgo Cioffi,2023-08-26,0.6273600743150297,0.0,0.643557054683444
Borgo Cioffi,2023-09-03,0.4340846100285562,0.0,0.3383702694860604
Borgo Cioffi,2023-09-11,0.1545445056728676,0.0,0.12994810574197074
Borgo Cioffi,2023-09-27,0.2001104964686363,0.0,0.12898970599785994
Borgo Cioffi,2023-10-05,0.0810778243113099,0.0,0.037040590333348354
Borgo Cioffi,2023-10-29,0.141194122948323,0.0,0.04864984806457962
Borgo Cioffi,2023-11-06,0.0,0.0,0.08857078400215197
Borgo Cioffi,2023-11-22,0.0140635705341352,0.0,0.0
Borgo Cioffi,2023-12-08,0.0463629646724751,0.0,0.08201854257313121
Borgo Cioffi,2023-12-16,0.2819293215303192,0.0,0.0
Grignon,2022-01-01,0.1701861954198564,0.0,0.0776978530452829
Grignon,2022-02-09,0.3201829471438732,0.0,0.0
Grignon,2022-02-25,0.3910763578584509,0.0,0.1810174042436364
Grignon,2022-02-26,0.3516808121998373,0.0,0.19098980701109702
Grignon,2022-03-06,0.3186150314798143,0.0,0.1477275640824747
Grignon,2022-03-21,0.6165213544190025,0.0,0.28584236160982596
Grignon,2022-03-22,0.517957269977278,0.18710875580127712,0.3395680583827802
Grignon,2022-04-14,0.7719154413992969,0.14176323183941025,0.3509030619622751
Grignon,2022-04-15,0.6636419402790561,0.4829797420834874,0.4432995817981164
Grignon,2022-04-22,0.6988922345175274,0.14650557062630348,0.4884818388822712
Grignon,2022-04-30,0.6361405094720982,0.0,0.24253470607901395
Grignon,2022-05-09,0.7844776292979233,0.2195758710661837,0.5930991749042493
Grignon,2022-05-16,0.7780322457781131,0.0,0.5534012213157729
Grignon,2022-05-17,0.7895000938867421,0.12186851147706394,0.5743407846892885
Grignon,2022-06-18,0.5425218174727774,0.40550730344133373,0.4113106759522851
Grignon,2022-07-04,0.408456879871136,0.21970922690165595,0.3061324202172687
Grignon,2022-07-11,0.1608516099622926,0.0,0.1588929492697897
Grignon,2022-07-12,0.2414764110763038,0.0,0.09071877894795798
Grignon,2022-08-12,0.0204520050354498,0.0,0.07727047251921666
Grignon,2022-08-29,0.0220174880375646,0.0,0.03421567318407158
Grignon,2022-09-30,0.3061596904937873,0.048176866424585935,0.20080636100651528
Grignon,2022-10-07,0.2065749871549895,0.0,0.07897793213009942
Grignon,2022-10-31,0.3018462132807459,0.0,0.1366262591197562
Grignon,2022-11-01,0.2989125013022412,0.0,0.1984307839098639
Grignon,2022-11-24,0.1974855080065435,0.0,0.05752279454865949
Grignon,2022-11-25,0.1590697917561628,0.0,0.10745005698109968
Grignon,2022-12-27,0.1703279897044629,-0.015870897519139664,0.0
Grignon,2023-01-11,0.1806493955031219,,0.024944356221401204
Grignon,2023-02-13,0.1756852618864592,0.0,0.0
Grignon,2023-04-09,0.4391840775555988,0.13025779969915235,0.228416750151594
Grignon,2023-05-03,0.6279016041262333,0.009929164221853169,0.4356823415151866
Grignon,2023-05-19,0.6604164611926389,0.3320744157812063,0.47243885596717955
Grignon,2023-05-20,0.6077059814516098,0.05814818488119466,0.4217368685976991
Grignon,2023-05-27,0.678329925736234,0.06641891195306873,0.5118465172714514
Grignon,2023-05-28,0.6092480752053984,0.16534695035466396,0.5398968325516152
Grignon,2023-06-04,0.5773045489058636,0.09376387733297364,0.40785612512922303
Grignon,2023-06-05,0.503417885619946,0.07522821011854919,0.4204385479207909
Grignon,2023-06-21,0.3143797295263359,0.24043389479701835,0.3652051913963484
Grignon,2023-06-28,0.3173059094235005,0.08474168276740185,0.12335474917180855
Grignon,2023-09-24,0.4025786818481059,0.10361286187337945,0.2661406871418078
Grignon,2023-10-10,0.3899680919934292,0.0,0.3041700591954572
Grignon,2023-10-27,0.2663413974556403,0.09133870603165088,0.0
Grignon,2023-12-06,0.1064936823852287,0.0,0.009354847467394881
Lamasquere,2022-02-10,0.2502935912475131,0.0,0.24906637083429908
Lamasquere,2022-04-07,0.0131558716466363,0.0,0.550587355176646
Lamasquere,2022-05-01,0.2790980368808837,0.0,0.637254440191695
Lamasquere,2022-05-10,0.4550128119909452,0.02367811119180123,0.6242804738497706
Lamasquere,2022-05-18,0.2887732117392563,0.037702326944267825,0.6047404020507664
Lamasquere,2022-06-03,0.3664601863640219,0.0,0.5031909799877546
Lamasquere,2022-06-11,0.3883561432078747,0.031660482904058825,0.388734714898304
Lamasquere,2022-06-18,0.2018227280012141,0.0,0.44206227616069904
Lamasquere,2022-07-13,0.1826051058111085,0.0,0.18935323949815913
Lamasquere,2022-07-29,0.2291601548345956,0.0,0.2640751760117139
Lamasquere,2022-08-29,0.0949384969615748,0.0,0.12950932364192513
Lamasquere,2022-09-30,0.318694544763325,0.0,0.13861261917659273
Lamasquere,2022-10-16,0.0112729324892913,0.0,0.20005904794857712
Lamasquere,2022-10-25,0.0995902588779587,0.0,0.1409373916854932
Lamasquere,2022-12-19,0.0856616997162815,-0.017029323246472564,0.145118386240765
Lamasquere,2023-02-13,0.040669057551309,0.0,0.2696875243377996
Lamasquere,2023-02-14,0.0,0.0,0.23814570237692692
Lamasquere,2023-03-01,0.0,0.0,0.17535904592561413
Lamasquere,2023-04-18,0.2069026681718976,0.0,0.10785503561352712
Lamasquere,2023-04-19,0.1627078082292945,0.0,0.24322799369070508
Lamasquere,2023-05-04,0.2660141105023816,0.0,0.15321801505819957
Lamasquere,2023-05-28,0.295376711565289,0.0,0.24504296804950548
Lamasquere,2023-05-29,0.2822100930767736,0.0,0.21716205930449073
Lamasquere,2023-06-05,0.2029240977936204,0.0,0.287028166592663
Lamasquere,2023-07-07,0.2438847692327372,0.0,0.6993590268660899
Lamasquere,2023-07-08,0.5025610813370195,0.0,0.6506945034273218
Lamasquere,2023-07-16,0.4288658386443691,0.0,0.39923438216116275
Lamasquere,2023-07-23,0.4030431013288444,0.0,0.6561588340478893
Lamasquere,2023-07-31,0.358083809726953,0.0,0.5214684314959572
Lamasquere,2023-08-08,0.3318869795366095,0.0,0.4638551007829136
Lamasquere,2023-08-09,0.2724969339509692,0.0,0.4894907281587326
Lamasquere,2023-09-01,0.0771352880473693,0.0,0.23469005781650623
Lamasquere,2023-09-09,0.0,0.0,0.14402899399805588
Lamasquere,2023-09-10,0.0857838513202221,0.0,0.12206065974359684
Lamasquere,2023-09-18,0.2646290395406248,0.0,0.30154170645624023
Lamasquere,2023-09-25,0.0860364539882916,0.0,0.11585849106440849
Lamasquere,2023-09-26,0.1184054844960041,0.0,0.15353894980783528
Lamasquere,2023-10-04,0.0461671603325183,0.0,0.0
Lamasquere,2023-10-11,0.0692189756012222,0.0,0.15785683948457152
Lamasquere,2023-10-12,0.0867986426800831,0.0,0.17581509309244922
Lamasquere,2023-11-13,0.2500794112542915,0.0,0.2534107971356581
Lamasquere,2023-12-30,0.1796526220364506,0.0,0.04815732187265978
